-- phpMyAdmin SQL Dump
-- version 4.5.4.1deb2ubuntu2
-- http://www.phpmyadmin.net
--
-- Host: localhost
-- Generation Time: Jan 01, 2017 at 05:26 PM
-- Server version: 5.7.16-0ubuntu0.16.04.1
-- PHP Version: 7.0.8-0ubuntu0.16.04.3

SET SQL_MODE = "NO_AUTO_VALUE_ON_ZERO";
SET time_zone = "+00:00";


/*!40101 SET @OLD_CHARACTER_SET_CLIENT=@@CHARACTER_SET_CLIENT */;
/*!40101 SET @OLD_CHARACTER_SET_RESULTS=@@CHARACTER_SET_RESULTS */;
/*!40101 SET @OLD_COLLATION_CONNECTION=@@COLLATION_CONNECTION */;
/*!40101 SET NAMES utf8mb4 */;

--
-- Database: `dsa-sheet`
--

-- --------------------------------------------------------

--
-- Table structure for table `basis`
--

CREATE TABLE `basis` (
  `id` int(11) UNSIGNED ZEROFILL NOT NULL,
  `name` varchar(20) COLLATE utf8_bin NOT NULL,
  `short_name` varchar(3) COLLATE utf8_bin NOT NULL,
  `wert_def` varchar(20) COLLATE utf8_bin NOT NULL,
  `wert_def_alt` varchar(20) COLLATE utf8_bin DEFAULT NULL,
  `max_kauf_def` varchar(10) COLLATE utf8_bin DEFAULT NULL
) ENGINE=InnoDB DEFAULT CHARSET=utf8 COLLATE=utf8_bin;

--
-- Dumping data for table `basis`
--

INSERT INTO `basis` (`id`, `name`, `short_name`, `wert_def`, `wert_def_alt`, `max_kauf_def`) VALUES
(00000000001, 'Lebensenergie', 'LE', '(KO+KO+KK)/2', NULL, 'KO/2'),
(00000000002, 'Ausdauer', 'AU', '(MU+GE+KO)/2', NULL, '2*KO'),
(00000000003, 'Astralenergie', 'AE', '(MU+IN+CH)/2', '(MU+MU+IN+CH)/2', 'CH'),
(00000000004, 'Magieresistenz', 'MR', '(MU+KL+KO)/5', NULL, 'MU/2'),
(00000000005, 'Karmaenergie', 'KE', '?', NULL, NULL);

-- --------------------------------------------------------

--
-- Table structure for table `eigenschaft`
--

CREATE TABLE `eigenschaft` (
  `id` int(11) UNSIGNED ZEROFILL NOT NULL,
  `name` varchar(20) COLLATE utf8_bin NOT NULL,
  `short_name` varchar(2) COLLATE utf8_bin NOT NULL
) ENGINE=InnoDB DEFAULT CHARSET=utf8 COLLATE=utf8_bin;

--
-- Dumping data for table `eigenschaft`
--

INSERT INTO `eigenschaft` (`id`, `name`, `short_name`) VALUES
(00000000001, 'Mut', 'MU'),
(00000000002, 'Klugheit', 'KL'),
(00000000003, 'Charisma', 'CH'),
(00000000004, 'Intuition', 'IN'),
(00000000005, 'Fingerfertigkeit', 'FF'),
(00000000006, 'Gewandtheit', 'GE'),
(00000000007, 'Körperkraft', 'KK'),
(00000000008, 'Konstitution', 'KO'),
(00000000009, 'Geschwindigkeit', 'GS'),
(00000000010, 'Sozialstatus', 'SO');

-- --------------------------------------------------------

--
-- Table structure for table `gruppe`
--

CREATE TABLE `gruppe` (
  `id` int(11) UNSIGNED ZEROFILL NOT NULL,
  `name` varchar(20) COLLATE utf8_bin NOT NULL,
  `description` text COLLATE utf8_bin NOT NULL,
  `owner` int(10) UNSIGNED ZEROFILL NOT NULL
) ENGINE=InnoDB DEFAULT CHARSET=utf8 COLLATE=utf8_bin;

--
-- Dumping data for table `gruppe`
--

INSERT INTO `gruppe` (`id`, `name`, `description`, `owner`) VALUES
(00000000001, 'G7 Hauptgruppe', 'Kampagne der sieben Gezeichneten', 0000000002),
(00000000002, 'G7 Nebengruppe', 'Kampagne der sieben Gezeichneten aus Sicht von Neben-Charakteren', 0000000002),
(00000000003, 'Phileason Kampagne', '', 0000000003);

-- --------------------------------------------------------

--
-- Table structure for table `held`
--

CREATE TABLE `held` (
  `id` int(11) UNSIGNED ZEROFILL NOT NULL,
  `id_user` int(11) UNSIGNED ZEROFILL NOT NULL,
  `chatname` varchar(20) COLLATE utf8_bin NOT NULL,
  `name` varchar(50) COLLATE utf8_bin DEFAULT NULL,
  `beschrieb` text COLLATE utf8_bin NOT NULL,
  `titel` varchar(50) COLLATE utf8_bin DEFAULT NULL,
  `geschlecht` varchar(50) COLLATE utf8_bin DEFAULT NULL,
  `rasse` varchar(50) COLLATE utf8_bin DEFAULT NULL,
  `kultur` varchar(50) COLLATE utf8_bin DEFAULT NULL,
  `profession` varchar(50) COLLATE utf8_bin DEFAULT NULL,
  `geburtsdatum` varchar(50) COLLATE utf8_bin DEFAULT NULL,
  `haarfarbe` varchar(50) COLLATE utf8_bin DEFAULT NULL,
  `augenfarbe` varchar(50) COLLATE utf8_bin DEFAULT NULL,
  `groesse` varchar(50) COLLATE utf8_bin DEFAULT NULL,
  `gewicht` varchar(50) COLLATE utf8_bin DEFAULT NULL
) ENGINE=InnoDB DEFAULT CHARSET=utf8 COLLATE=utf8_bin;

--
-- Dumping data for table `held`
--

INSERT INTO `held` (`id`, `id_user`, `chatname`, `name`, `beschrieb`, `titel`, `geschlecht`, `rasse`, `kultur`, `profession`, `geburtsdatum`, `haarfarbe`, `augenfarbe`, `groesse`, `gewicht`) VALUES
(00000000001, 00000000001, 'Yendan', 'Yendan aus Perricum zu Nimra', 'Yendan ist ein Magier wie man sie aus düsteren Märchen kennt. Seine Person ist von vielen geheimnisvollen Geschichten umrankt, Geschichten die ihn in der gorische Wüste den Theclador-Effekt entdecken lassen, ihn als gestaltenwandelnder weisser Drache beschreiben oder gar als dunkler Genosse des Dämonenmeisters Borbarad.\r\n\r\nSein dumpf glimmendes linkes Rubin-Auge, die langen weissen Haare und die fremdländischen Gesichtszüge machen es schwer sein Alter zu schätzen.', 'Edler von Nimra', 'männlich', 'Nivese', 'Garetien', 'Magier', '8. Boron 976 BF (17 v. Hal)', 'weiss', 'rot/bernstein', '87 Finger', '61 Stein'),
(00000000002, 00000000001, 'Connar', 'Connar', '', NULL, NULL, NULL, NULL, NULL, NULL, NULL, NULL, NULL, NULL),
(00000000003, 00000000005, '', 'Falaris', '', NULL, NULL, NULL, NULL, NULL, NULL, NULL, NULL, NULL, NULL);

-- --------------------------------------------------------

--
-- Table structure for table `held_basis`
--

CREATE TABLE `held_basis` (
  `id` int(11) UNSIGNED ZEROFILL NOT NULL,
  `id_held` int(11) UNSIGNED ZEROFILL NOT NULL,
  `id_basis` int(11) UNSIGNED ZEROFILL NOT NULL,
  `wert` int(2) NOT NULL,
  `start` int(2) NOT NULL,
  `modifikator` int(2) DEFAULT NULL,
  `kauf` int(2) DEFAULT NULL,
  `kauf_max` int(2) DEFAULT NULL
) ENGINE=InnoDB DEFAULT CHARSET=utf8 COLLATE=utf8_bin;

--
-- Dumping data for table `held_basis`
--

INSERT INTO `held_basis` (`id`, `id_held`, `id_basis`, `wert`, `start`, `modifikator`, `kauf`, `kauf_max`) VALUES
(00000000001, 00000000001, 00000000001, 26, 19, 6, 1, 7),
(00000000002, 00000000001, 00000000002, 34, 21, 10, 3, 28),
(00000000003, 00000000001, 00000000003, 68, 33, 30, 5, 15),
(00000000004, 00000000001, 00000000004, 9, 10, -3, 2, 9);

-- --------------------------------------------------------

--
-- Table structure for table `held_eigenschaft`
--

CREATE TABLE `held_eigenschaft` (
  `id` int(11) UNSIGNED ZEROFILL NOT NULL,
  `id_held` int(11) UNSIGNED ZEROFILL NOT NULL,
  `id_eigenschaft` int(11) UNSIGNED ZEROFILL NOT NULL,
  `wert` int(2) NOT NULL,
  `start` int(2) NOT NULL,
  `modifikator` int(2) DEFAULT NULL
) ENGINE=InnoDB DEFAULT CHARSET=utf8 COLLATE=utf8_bin;

--
-- Dumping data for table `held_eigenschaft`
--

INSERT INTO `held_eigenschaft` (`id`, `id_held`, `id_eigenschaft`, `wert`, `start`, `modifikator`) VALUES
(00000000001, 00000000001, 00000000001, 17, 14, NULL),
(00000000002, 00000000001, 00000000002, 18, 14, NULL),
(00000000003, 00000000001, 00000000003, 15, 14, NULL),
(00000000004, 00000000001, 00000000004, 18, 14, 1),
(00000000005, 00000000001, 00000000005, 12, 12, NULL),
(00000000006, 00000000001, 00000000006, 12, 11, NULL),
(00000000007, 00000000001, 00000000007, 10, 10, NULL),
(00000000008, 00000000001, 00000000008, 14, 11, 1),
(00000000009, 00000000001, 00000000009, 8, 8, NULL),
(00000000010, 00000000002, 00000000002, 11, 11, NULL),
(00000000011, 00000000001, 00000000010, 11, 11, NULL);

-- --------------------------------------------------------

--
-- Table structure for table `held_gruppe`
--

CREATE TABLE `held_gruppe` (
  `id` int(11) UNSIGNED ZEROFILL NOT NULL,
  `id_held` int(11) UNSIGNED ZEROFILL NOT NULL,
  `id_gruppe` int(11) UNSIGNED ZEROFILL NOT NULL
) ENGINE=InnoDB DEFAULT CHARSET=utf8 COLLATE=utf8_bin;

--
-- Dumping data for table `held_gruppe`
--

INSERT INTO `held_gruppe` (`id`, `id_held`, `id_gruppe`) VALUES
(00000000001, 00000000001, 00000000001),
(00000000002, 00000000002, 00000000002),
(00000000003, 00000000003, 00000000003),
(00000000004, 00000000002, 00000000001);

-- --------------------------------------------------------

--
-- Table structure for table `held_kampf`
--

CREATE TABLE `held_kampf` (
  `id` int(11) UNSIGNED ZEROFILL NOT NULL,
  `id_held` int(11) UNSIGNED ZEROFILL NOT NULL,
  `id_kampf` int(11) UNSIGNED ZEROFILL NOT NULL,
  `wert` int(2) NOT NULL
) ENGINE=InnoDB DEFAULT CHARSET=utf8 COLLATE=utf8_bin;

--
-- Dumping data for table `held_kampf`
--

INSERT INTO `held_kampf` (`id`, `id_held`, `id_kampf`, `wert`) VALUES
(00000000005, 00000000001, 00000000005, 13),
(00000000006, 00000000001, 00000000006, 8),
(00000000007, 00000000001, 00000000007, 8),
(00000000008, 00000000001, 00000000008, 8);

-- --------------------------------------------------------

--
-- Table structure for table `held_nachteil`
--

CREATE TABLE `held_nachteil` (
  `id` int(11) UNSIGNED ZEROFILL NOT NULL,
  `id_held` int(11) UNSIGNED ZEROFILL NOT NULL,
  `nachteil` varchar(100) COLLATE utf8_bin NOT NULL
) ENGINE=InnoDB DEFAULT CHARSET=utf8 COLLATE=utf8_bin;

--
-- Dumping data for table `held_nachteil`
--

INSERT INTO `held_nachteil` (`id`, `id_held`, `nachteil`) VALUES
(00000000001, 00000000001, 'Neugier 8'),
(00000000003, 00000000001, 'Verpflichtungen (Gegenüber der Akademie, der Gilde und dem Reich)'),
(00000000004, 00000000001, 'Prinzipienteue (Zwölfgötterglaube, Dämonnenvernichtung und Wahrheitsliebe)'),
(00000000005, 00000000001, 'Kurzatmig (-2)'),
(00000000006, 00000000001, 'Niedere Lebenskraft (-3)'),
(00000000007, 00000000001, 'Einbildungen (Verfolgungswahn)');

-- --------------------------------------------------------

--
-- Table structure for table `held_talent`
--

CREATE TABLE `held_talent` (
  `id` int(11) UNSIGNED ZEROFILL NOT NULL,
  `id_held` int(11) UNSIGNED ZEROFILL NOT NULL,
  `id_talent` int(11) UNSIGNED ZEROFILL NOT NULL,
  `wert` int(5) NOT NULL
) ENGINE=InnoDB DEFAULT CHARSET=utf8 COLLATE=utf8_bin;

-- --------------------------------------------------------

--
-- Table structure for table `held_vorteil`
--

CREATE TABLE `held_vorteil` (
  `id` int(11) UNSIGNED ZEROFILL NOT NULL,
  `id_held` int(11) UNSIGNED ZEROFILL NOT NULL,
  `vorteil` varchar(100) COLLATE utf8_bin NOT NULL
) ENGINE=InnoDB DEFAULT CHARSET=utf8 COLLATE=utf8_bin;

--
-- Dumping data for table `held_vorteil`
--

INSERT INTO `held_vorteil` (`id`, `id_held`, `vorteil`) VALUES
(00000000001, 00000000001, 'Begabung für Antimagie'),
(00000000002, 00000000001, 'Begabung für Hellsicht'),
(00000000003, 00000000001, 'Akademische Ausbildung (Magier)'),
(00000000004, 00000000001, 'Vollzauberer'),
(00000000005, 00000000001, 'Astralmacht (+2 +3)');

-- --------------------------------------------------------

--
-- Table structure for table `held_waffe`
--

CREATE TABLE `held_waffe` (
  `id` int(11) UNSIGNED ZEROFILL NOT NULL,
  `held_id` int(11) UNSIGNED ZEROFILL NOT NULL,
  `waffe_id` int(11) UNSIGNED ZEROFILL NOT NULL,
  `name` varchar(50) COLLATE utf8_bin DEFAULT NULL,
  `TP` varchar(7) COLLATE utf8_bin DEFAULT NULL,
  `TP_KK` varchar(5) COLLATE utf8_bin DEFAULT NULL,
  `BF` int(2) DEFAULT NULL,
  `BF_aktuell` int(2) DEFAULT NULL,
  `INI` int(1) DEFAULT NULL,
  `WM` varchar(5) COLLATE utf8_bin DEFAULT NULL
) ENGINE=InnoDB DEFAULT CHARSET=utf8 COLLATE=utf8_bin;

--
-- Dumping data for table `held_waffe`
--

INSERT INTO `held_waffe` (`id`, `held_id`, `waffe_id`, `name`, `TP`, `TP_KK`, `BF`, `BF_aktuell`, `INI`, `WM`) VALUES
(00000000001, 00000000001, 00000000003, 'Bannschwert', '1W6+4', NULL, NULL, NULL, NULL, '0/0');

-- --------------------------------------------------------

--
-- Table structure for table `kampf`
--

CREATE TABLE `kampf` (
  `id` int(11) UNSIGNED ZEROFILL NOT NULL,
  `name` varchar(20) COLLATE utf8_bin NOT NULL,
  `short_name` varchar(3) COLLATE utf8_bin NOT NULL,
  `wert_def` varchar(20) COLLATE utf8_bin NOT NULL
) ENGINE=InnoDB DEFAULT CHARSET=utf8 COLLATE=utf8_bin;

--
-- Dumping data for table `kampf`
--

INSERT INTO `kampf` (`id`, `name`, `short_name`, `wert_def`) VALUES
(00000000005, 'Initative', 'INI', '(MU+MU+IN+GE)/5'),
(00000000006, 'Attacke', 'AT', '(MU+GE+KK)/5'),
(00000000007, 'Parade', 'PA', '(IN+GE+KK)/5'),
(00000000008, 'Fernkampf', 'FK', '(IN+FF+KK)/5');

-- --------------------------------------------------------

--
-- Table structure for table `ls`
--

CREATE TABLE `ls` (
  `id` int(11) UNSIGNED ZEROFILL NOT NULL,
  `name` varchar(1) COLLATE utf8_bin NOT NULL,
  `AF` float NOT NULL COMMENT 'Aktivierungsfaktor',
  `number` int(1) NOT NULL
) ENGINE=InnoDB DEFAULT CHARSET=utf8 COLLATE=utf8_bin COMMENT='Lernschwierigkeit, Komplexität';

--
-- Dumping data for table `ls`
--

INSERT INTO `ls` (`id`, `name`, `AF`, `number`) VALUES
(00000000001, 'A', 1, 1),
(00000000002, 'B', 2, 2),
(00000000003, 'C', 3, 3),
(00000000004, 'D', 4, 4),
(00000000005, 'E', 5, 5),
(00000000006, 'F', 7.5, 6),
(00000000007, 'G', 10, 7),
(00000000008, 'H', 20, 8);

-- --------------------------------------------------------

--
-- Table structure for table `merkmal`
--

CREATE TABLE `merkmal` (
  `id` int(11) UNSIGNED ZEROFILL NOT NULL,
  `name` varchar(50) CHARACTER SET utf8 NOT NULL,
  `stufe` int(1) DEFAULT NULL
) ENGINE=InnoDB DEFAULT CHARSET=utf8 COLLATE=utf8_bin;

--
-- Dumping data for table `merkmal`
--

INSERT INTO `merkmal` (`id`, `name`, `stufe`) VALUES
(00000000001, 'Antimagie', 2),
(00000000002, 'Beschwörung', 2),
(00000000003, 'Dämonisch', 3),
(00000000004, 'Dämonisch (Agrimoth / Widharcal)', 1),
(00000000005, 'Dämonisch (Amazeroth / Iribaar)', 1),
(00000000006, 'Dämonisch (Asfaloth / Calijnaar)', 1),
(00000000007, 'Dämonisch (Belhalhar / Xarfai)', 1),
(00000000008, 'Dämonisch (Blakharaz / Tyakra\'man)', 1),
(00000000009, 'Dämonisch (Lolgramoth / Thezzaphai)', 1),
(00000000010, 'Dämonisch (Belzhorash / Mishkara)', 1),
(00000000011, 'Dämonisch (Thargunitoth / Tijakool)', 1),
(00000000012, 'Eigenschaften', 2),
(00000000013, 'Einfluss', 2),
(00000000014, 'Elementar', 3),
(00000000015, 'Elementar (Eis)', 1),
(00000000016, 'Elementar (Erz)', 1),
(00000000017, 'Elementar (Feuer)', 1),
(00000000018, 'Elementar (Humus)', 1),
(00000000019, 'Elementar (Luft)', 1),
(00000000020, 'Elementar (Wasser)', 1),
(00000000021, 'Form', 2),
(00000000022, 'Geisterwesen', 1),
(00000000023, 'Heilung', 1),
(00000000024, 'Hellsicht', 2),
(00000000025, 'Herbeirufung', 1),
(00000000026, 'Herrschaft', 2),
(00000000027, 'Illusion', 1),
(00000000028, 'Kraft', 2),
(00000000029, 'Limbus', 3),
(00000000030, 'Metamagie', 3),
(00000000031, 'Objekt', 2),
(00000000032, 'Schaden', 1),
(00000000033, 'Telekinese', 1),
(00000000034, 'Temporal', 3),
(00000000035, 'Umwelt', 2),
(00000000036, 'Verständigung', 1);

-- --------------------------------------------------------

--
-- Table structure for table `spomo`
--

CREATE TABLE `spomo` (
  `id` int(11) UNSIGNED ZEROFILL NOT NULL,
  `name` varchar(50) CHARACTER SET utf8 NOT NULL,
  `kosten` varchar(30) CHARACTER SET utf8 NOT NULL,
  `mod` varchar(30) CHARACTER SET utf8 NOT NULL,
  `zauberdauer` varchar(30) CHARACTER SET utf8 NOT NULL,
  `beschreibung` mediumtext CHARACTER SET utf8,
  `id_spomoKurz` int(11) UNSIGNED ZEROFILL NOT NULL
) ENGINE=InnoDB DEFAULT CHARSET=utf8 COLLATE=utf8_bin;

--
-- Dumping data for table `spomo`
--

INSERT INTO `spomo` (`id`, `name`, `kosten`, `mod`, `zauberdauer`, `beschreibung`, `id_spomoKurz`) VALUES
(00000000001, 'Veränderte Technik', '7 ZfP / Komponente', '0', '+3 Aktionen', '', 00000000001),
(00000000002, 'Veränderte Technik, zentral', '12 ZfP / Komponente', '0', '+3 Aktionen', '', 00000000001),
(00000000003, 'Halbierte Zauberdauer', '5 ZfP / Halbierung', '0', '-50%', NULL, 00000000002),
(00000000004, 'Verdoppelte Zauberdauer', '0', '-3', '+100%', NULL, 00000000002),
(00000000005, 'Erzwingen', '0', 'je -1 pro 1/2/4/8 ... AsP', '+1 Aktion / Erleichterung', NULL, 00000000003),
(00000000006, 'Kosten einsparen', '3 ZfP / -10% AsP', '-', '+1 Aktion / -10% AsP', NULL, 00000000004),
(00000000007, 'Unfreiwillig statt freiwilliges Zielobjekt', '5 ZfP', '+MR', '+1 Aktion', NULL, 00000000006),
(00000000008, 'Freiwillig statt unfreiwillig', '2 ZfP', '- 50% MR', '+1 Aktion', NULL, 00000000007),
(00000000009, 'Mehrere Gefährten verzaubern (freiwillig)', '3 ZfP', '+1 / Person', '+1 Aktion', NULL, 00000000008),
(00000000010, 'Mehrere Gegner verzaubern (unfreiwillig)', '0', '+MR_MAX + Anzahl', '+1 Aktion', NULL, 00000000008),
(00000000011, 'Vergrösserung von Reichweite oder Wirkungsradius', '5 ZfP / Stufe', '0', '+1 Aktion / Stufe', NULL, 00000000009),
(00000000012, 'Verkleinerung von Reichweite oder Wirkungsradius', '3 ZfP / Stufe', '0', '+1 Aktion / Stufe', NULL, 00000000009),
(00000000013, 'Verdoppelung der Wirkungsdauer', '7 ZfP / Verdoppelung', '0', '+1 Aktion / Verdoppelung', NULL, 00000000010),
(00000000014, 'Halbierung der Wirkungsdauer', '3 ZfP / Halbierung', '0', '+1 Aktion / Halbierung', NULL, 00000000010),
(00000000015, 'Änderung von Aufrechterhalten auf feste Dauer', '7 ZfP', '0', '+1 Aktion', NULL, 00000000010);

-- --------------------------------------------------------

--
-- Table structure for table `spomoKurz`
--

CREATE TABLE `spomoKurz` (
  `id` int(11) UNSIGNED ZEROFILL NOT NULL,
  `name` varchar(30) CHARACTER SET utf8 NOT NULL
) ENGINE=InnoDB DEFAULT CHARSET=utf8 COLLATE=utf8_bin;

--
-- Dumping data for table `spomoKurz`
--

INSERT INTO `spomoKurz` (`id`, `name`) VALUES
(00000000001, 'Technik'),
(00000000002, 'Zauberdauer'),
(00000000003, 'Erzwingen'),
(00000000004, 'Kosten'),
(00000000005, 'Zielobjekt'),
(00000000006, 'Zielobjekt (freiwillig)'),
(00000000007, 'Zielobjekt (unfreiwillig)'),
(00000000008, 'Zielobjekt (mehrere)'),
(00000000009, 'Reichweite'),
(00000000010, 'Wirkungsdauer'),
(00000000011, 'Reichweite (Berührung)'),
(00000000012, 'Reichweite (selbst)');

-- --------------------------------------------------------

--
-- Table structure for table `talent`
--

CREATE TABLE `talent` (
  `id` int(11) UNSIGNED ZEROFILL NOT NULL,
  `name` varchar(50) COLLATE utf8_bin NOT NULL,
  `id_eigenschaft1` int(11) UNSIGNED ZEROFILL DEFAULT NULL,
  `id_eigenschaft2` int(11) UNSIGNED ZEROFILL DEFAULT NULL,
  `id_eigenschaft3` int(11) UNSIGNED ZEROFILL DEFAULT NULL,
  `id_eigenschaft3_alt` int(11) UNSIGNED ZEROFILL DEFAULT NULL COMMENT 'alternative for eigenschaft3',
  `eBE` int(1) DEFAULT NULL,
  `id_ls` int(11) UNSIGNED ZEROFILL NOT NULL,
  `basis` tinyint(1) DEFAULT NULL,
  `id_talentgruppe` int(11) UNSIGNED ZEROFILL NOT NULL
) ENGINE=InnoDB DEFAULT CHARSET=utf8 COLLATE=utf8_bin;

--
-- Dumping data for table `talent`
--

INSERT INTO `talent` (`id`, `name`, `id_eigenschaft1`, `id_eigenschaft2`, `id_eigenschaft3`, `id_eigenschaft3_alt`, `eBE`, `id_ls`, `basis`, `id_talentgruppe`) VALUES
(00000000055, 'Anderthalbhänder', 00000000006, 00000000006, 00000000007, NULL, -2, 00000000005, NULL, 00000000009),
(00000000056, 'Armbrust', 00000000006, 00000000005, 00000000007, NULL, -5, 00000000003, NULL, 00000000010),
(00000000057, 'Belagerungswaffen', 00000000006, 00000000005, 00000000007, NULL, NULL, 00000000004, NULL, 00000000010),
(00000000058, 'Blasrohr', 00000000006, 00000000005, 00000000007, NULL, -5, 00000000004, NULL, 00000000010),
(00000000059, 'Bogen', 00000000006, 00000000005, 00000000007, NULL, -3, 00000000005, NULL, 00000000010),
(00000000060, 'Diskus', 00000000006, 00000000005, 00000000007, NULL, -2, 00000000004, NULL, 00000000010),
(00000000061, 'Dolche', 00000000006, 00000000006, 00000000007, NULL, -1, 00000000004, 1, 00000000009),
(00000000062, 'Fechtwaffen', 00000000006, 00000000006, 00000000007, NULL, -1, 00000000005, NULL, 00000000009),
(00000000063, 'Hiebwaffen', 00000000006, 00000000006, 00000000007, NULL, -4, 00000000004, 1, 00000000009),
(00000000064, 'Infanteriewaffen', 00000000006, 00000000006, 00000000007, NULL, -3, 00000000004, NULL, 00000000009),
(00000000065, 'Kettenstäbe', 00000000006, 00000000006, 00000000007, NULL, -1, 00000000005, NULL, 00000000009),
(00000000066, 'Kettenwaffen', 00000000006, 00000000006, 00000000007, NULL, -3, 00000000004, NULL, 00000000009),
(00000000067, 'Lanzenreiten', 00000000006, 00000000006, 00000000007, NULL, NULL, 00000000005, NULL, 00000000031),
(00000000068, 'Peitsche', 00000000006, 00000000006, 00000000007, NULL, -1, 00000000005, NULL, 00000000031),
(00000000069, 'Raufen', 00000000006, 00000000006, 00000000007, NULL, 0, 00000000003, 1, 00000000032),
(00000000070, 'Ringen', 00000000006, 00000000006, 00000000007, NULL, 0, 00000000004, 1, 00000000032),
(00000000071, 'Säbel', 00000000006, 00000000006, 00000000007, NULL, -2, 00000000004, 1, 00000000009),
(00000000072, 'Schleuder', 00000000006, 00000000005, 00000000007, NULL, -2, 00000000005, NULL, 00000000010),
(00000000073, 'Schwerter', 00000000006, 00000000006, 00000000007, NULL, -2, 00000000005, NULL, 00000000009),
(00000000074, 'Speere', 00000000006, 00000000006, 00000000007, NULL, -3, 00000000004, NULL, 00000000009),
(00000000075, 'Stäbe', 00000000006, 00000000006, 00000000007, NULL, -2, 00000000004, NULL, 00000000009),
(00000000076, 'Wurfbeile', 00000000006, 00000000005, 00000000007, NULL, -2, 00000000004, NULL, 00000000010),
(00000000077, 'Wurfmesser', 00000000006, 00000000005, 00000000007, NULL, -3, 00000000003, 1, 00000000010),
(00000000078, 'Wurfspeere', 00000000006, 00000000005, 00000000007, NULL, -2, 00000000003, NULL, 00000000010),
(00000000079, 'Zweihandflegel', 00000000006, 00000000006, 00000000007, NULL, -3, 00000000004, NULL, 00000000009),
(00000000080, 'Zweihandhiebwaffen', 00000000006, 00000000006, 00000000007, NULL, -3, 00000000004, NULL, 00000000009),
(00000000081, 'Zweihandschwerter/-säbel', 00000000006, 00000000006, 00000000007, NULL, -2, 00000000005, NULL, 00000000009),
(00000000082, 'Akrobatik', 00000000001, 00000000006, 00000000007, NULL, 2, 00000000004, NULL, 00000000001),
(00000000083, 'Athletik', 00000000006, 00000000008, 00000000007, 00000000008, 2, 00000000004, 1, 00000000001),
(00000000084, 'Fliegen', 00000000001, 00000000004, 00000000006, NULL, 0, 00000000004, NULL, 00000000001),
(00000000085, 'Gaukeleien', 00000000001, 00000000003, 00000000005, 00000000008, 2, 00000000004, NULL, 00000000001),
(00000000086, 'Klettern', 00000000001, 00000000006, 00000000007, 00000000008, 2, 00000000004, 1, 00000000001),
(00000000087, 'Körperbeherrschung', 00000000001, 00000000004, 00000000006, NULL, 2, 00000000004, 1, 00000000001),
(00000000088, 'Reiten', 00000000003, 00000000006, 00000000007, NULL, NULL, 00000000004, -2, 00000000001),
(00000000089, 'Schleichen', 00000000001, 00000000004, 00000000006, NULL, 0, 00000000004, 1, 00000000001),
(00000000090, 'Schwimmen', 00000000006, 00000000008, 00000000007, NULL, 2, 00000000004, 1, 00000000001),
(00000000091, 'Selbstbeherrschung', 00000000001, 00000000008, 00000000007, 00000000002, NULL, 00000000004, 1, 00000000001),
(00000000092, 'Sich verstecken', 00000000001, 00000000004, 00000000006, NULL, -2, 00000000004, 1, 00000000001),
(00000000093, 'Singen', 00000000004, 00000000003, 00000000003, 00000000008, -3, 00000000004, 1, 00000000001),
(00000000094, 'Sinnenschärfe', 00000000002, 00000000004, 00000000004, 00000000005, NULL, 00000000004, 1, 00000000001),
(00000000095, 'Skifahren', 00000000006, 00000000006, 00000000008, NULL, -2, 00000000004, NULL, 00000000001),
(00000000096, 'Stimmen imitieren', 00000000002, 00000000004, 00000000003, NULL, -4, 00000000004, NULL, 00000000001),
(00000000097, 'Tanzen', 00000000003, 00000000006, 00000000006, NULL, 2, 00000000004, 1, 00000000001),
(00000000098, 'Taschendiebstahl', 00000000001, 00000000004, 00000000005, NULL, 2, 00000000004, NULL, 00000000001),
(00000000099, 'Zechen', 00000000004, 00000000008, 00000000007, NULL, NULL, 00000000004, 1, 00000000001),
(00000000100, 'Betören', 00000000004, 00000000003, 00000000003, NULL, -2, 00000000002, NULL, 00000000002),
(00000000101, 'Etikette', 00000000002, 00000000004, 00000000003, NULL, -2, 00000000002, NULL, 00000000002),
(00000000102, 'Gassenwissen', 00000000002, 00000000004, 00000000003, NULL, -4, 00000000002, NULL, 00000000002),
(00000000103, 'Lehren', 00000000002, 00000000004, 00000000003, NULL, NULL, 00000000002, NULL, 00000000002),
(00000000104, 'Menschenkenntnis', 00000000002, 00000000004, 00000000003, NULL, NULL, 00000000002, 1, 00000000002),
(00000000105, 'Schauspielerei', 00000000001, 00000000002, 00000000003, NULL, NULL, 00000000002, NULL, 00000000002),
(00000000106, 'Schriftlicher Ausdruck', 00000000002, 00000000004, 00000000004, NULL, NULL, 00000000002, NULL, 00000000002),
(00000000107, 'Sich verkleiden', 00000000001, 00000000003, 00000000006, NULL, NULL, 00000000002, NULL, 00000000002),
(00000000108, 'Überreden', 00000000001, 00000000004, 00000000003, NULL, NULL, 00000000002, 1, 00000000002),
(00000000109, 'Überzeugen', 00000000002, 00000000004, 00000000003, NULL, NULL, 00000000002, NULL, 00000000002),
(00000000110, 'Fährtensuchen', 00000000002, 00000000004, 00000000008, 00000000004, NULL, 00000000002, 1, 00000000004),
(00000000111, 'Fallen stellen', 00000000002, 00000000005, 00000000007, NULL, NULL, 00000000002, NULL, 00000000004),
(00000000112, 'Fesseln/Entfesseln', 00000000005, 00000000006, 00000000007, NULL, NULL, 00000000002, NULL, 00000000004),
(00000000113, 'Fischen/Angeln', 00000000004, 00000000005, 00000000007, 00000000002, NULL, 00000000002, NULL, 00000000004),
(00000000114, 'Orientierung', 00000000002, 00000000004, 00000000004, NULL, NULL, 00000000002, 1, 00000000004),
(00000000115, 'Wettervorhersage', 00000000002, 00000000004, 00000000004, NULL, NULL, 00000000002, NULL, 00000000004),
(00000000116, 'Wildnisleben', 00000000004, 00000000006, 00000000008, NULL, NULL, 00000000002, 1, 00000000004),
(00000000117, 'Anatomie', 00000000001, 00000000002, 00000000005, NULL, NULL, 00000000002, NULL, 00000000005),
(00000000118, 'Baukunst', 00000000002, 00000000002, 00000000005, NULL, NULL, 00000000002, NULL, 00000000005),
(00000000119, 'Brett-/Kartenspiel', 00000000002, 00000000002, 00000000004, NULL, NULL, 00000000002, NULL, 00000000005),
(00000000120, 'Geografie', 00000000002, 00000000002, 00000000004, NULL, NULL, 00000000002, NULL, 00000000005),
(00000000121, 'Geschichtswissen', 00000000002, 00000000002, 00000000004, NULL, NULL, 00000000002, NULL, 00000000005),
(00000000122, 'Gesteinskunde', 00000000002, 00000000004, 00000000005, NULL, NULL, 00000000002, NULL, 00000000005),
(00000000123, 'Götter und Kulte', 00000000002, 00000000002, 00000000004, NULL, NULL, 00000000002, 1, 00000000005),
(00000000124, 'Heraldik', 00000000002, 00000000002, 00000000005, NULL, NULL, 00000000002, NULL, 00000000005),
(00000000125, 'Hüttenkunde', 00000000002, 00000000004, 00000000008, NULL, NULL, 00000000002, NULL, 00000000005),
(00000000126, 'Kriegskunst', 00000000001, 00000000002, 00000000003, NULL, NULL, 00000000002, NULL, 00000000005),
(00000000127, 'Kryptographie', 00000000002, 00000000002, 00000000004, NULL, NULL, 00000000002, NULL, 00000000005),
(00000000128, 'Magiekunde', 00000000002, 00000000002, 00000000004, NULL, NULL, 00000000002, NULL, 00000000005),
(00000000129, 'Mechanik', 00000000002, 00000000002, 00000000005, NULL, NULL, 00000000002, NULL, 00000000005),
(00000000130, 'Pflanzenkunde', 00000000002, 00000000004, 00000000005, NULL, NULL, 00000000002, NULL, 00000000005),
(00000000131, 'Philosophie', 00000000002, 00000000002, 00000000004, NULL, NULL, 00000000002, NULL, 00000000005),
(00000000132, 'Rechnen', 00000000002, 00000000002, 00000000004, NULL, NULL, 00000000002, 1, 00000000005),
(00000000133, 'Rechtskunde', 00000000002, 00000000002, 00000000004, NULL, NULL, 00000000002, NULL, 00000000005),
(00000000134, 'Sagen und Legenden', 00000000002, 00000000004, 00000000003, NULL, NULL, 00000000002, 1, 00000000005),
(00000000135, 'Schätzen', 00000000002, 00000000004, 00000000004, NULL, NULL, 00000000002, NULL, 00000000005),
(00000000136, 'Sprachenkunde', 00000000002, 00000000002, 00000000004, NULL, NULL, 00000000002, NULL, 00000000005),
(00000000137, 'Staatskunst', 00000000002, 00000000004, 00000000003, NULL, NULL, 00000000002, NULL, 00000000005),
(00000000138, 'Sternkunde', 00000000002, 00000000002, 00000000004, NULL, NULL, 00000000002, NULL, 00000000005),
(00000000139, 'Tierkunde', 00000000001, 00000000002, 00000000004, NULL, NULL, 00000000002, NULL, 00000000005),
(00000000140, 'Sprachen kennen Alaani', 00000000002, 00000000004, 00000000003, NULL, NULL, 00000000001, NULL, 00000000013),
(00000000141, 'Sprachen kennen Alt-Imperial/Aureliani', 00000000002, 00000000004, 00000000003, NULL, NULL, 00000000001, NULL, 00000000007),
(00000000142, 'Sprachen kennen Altes Kemi', 00000000002, 00000000004, 00000000003, NULL, NULL, 00000000001, NULL, 00000000013),
(00000000143, 'Sprachen kennen Angram', 00000000002, 00000000004, 00000000003, NULL, NULL, 00000000001, NULL, 00000000018),
(00000000144, 'Sprachen kennen Asdharia', 00000000002, 00000000004, 00000000003, NULL, NULL, 00000000002, NULL, 00000000017),
(00000000145, 'Sprachen kennen Atak', 00000000002, 00000000004, 00000000003, NULL, NULL, 00000000001, NULL, 00000000028),
(00000000146, 'Sprachen kennen Bosparano', 00000000002, 00000000004, 00000000003, NULL, NULL, 00000000001, NULL, 00000000007),
(00000000147, 'Sprachen kennen Drachisch', 00000000002, 00000000004, 00000000003, NULL, NULL, 00000000001, NULL, 00000000029),
(00000000148, 'Sprachen kennen Ferkina', 00000000002, 00000000004, 00000000003, NULL, NULL, 00000000001, NULL, 00000000013),
(00000000149, 'Sprachen kennen Füchsisch', 00000000002, 00000000004, 00000000003, NULL, NULL, 00000000001, NULL, 00000000028),
(00000000150, 'Sprachen kennen Garethi', 00000000002, 00000000004, 00000000003, NULL, NULL, 00000000001, NULL, 00000000007),
(00000000151, 'Sprachen kennen Goblinisch', 00000000002, 00000000004, 00000000003, NULL, NULL, 00000000001, NULL, 00000000030),
(00000000152, 'Sprachen kennen Grolmisch', 00000000002, 00000000004, 00000000003, NULL, NULL, 00000000001, NULL, 00000000025),
(00000000153, 'Sprachen kennen Hjaldingsch', 00000000002, 00000000004, 00000000003, NULL, NULL, 00000000001, NULL, 00000000016),
(00000000154, 'Sprachen kennen Isdira', 00000000002, 00000000004, 00000000003, NULL, NULL, 00000000001, NULL, 00000000017),
(00000000155, 'Sprachen kennen Koboldisch', 00000000002, 00000000004, 00000000003, NULL, NULL, 00000000001, NULL, 00000000029),
(00000000156, 'Sprachen kennen Mahrisch', 00000000002, 00000000004, 00000000003, NULL, NULL, 00000000001, NULL, 00000000022),
(00000000157, 'Sprachen kennen Mohisch', 00000000002, 00000000004, 00000000003, NULL, NULL, 00000000001, NULL, 00000000015),
(00000000158, 'Sprachen kennen Molochisch', 00000000002, 00000000004, 00000000003, NULL, NULL, 00000000001, NULL, 00000000023),
(00000000159, 'Sprachen kennen Neckergesang', 00000000002, 00000000004, 00000000003, NULL, NULL, 00000000001, NULL, 00000000024),
(00000000160, 'Sprachen kennen Nujuka', 00000000002, 00000000004, 00000000003, NULL, NULL, 00000000001, NULL, 00000000014),
(00000000161, 'Sprachen kennen Oloarkh', 00000000002, 00000000004, 00000000003, NULL, NULL, 00000000001, NULL, 00000000019),
(00000000162, 'Sprachen kennen Ologhaijan', 00000000002, 00000000004, 00000000003, NULL, NULL, 00000000001, NULL, 00000000019),
(00000000163, 'Sprachen kennen Rabensprache', 00000000002, 00000000004, 00000000003, NULL, NULL, 00000000001, NULL, 00000000013),
(00000000164, 'Sprachen kennen Rissoal', 00000000002, 00000000004, 00000000003, NULL, NULL, 00000000001, NULL, 00000000022),
(00000000165, 'Sprachen kennen Rogolan', 00000000002, 00000000004, 00000000003, NULL, NULL, 00000000001, NULL, 00000000018),
(00000000166, 'Sprachen kennen Rssahh', 00000000002, 00000000004, 00000000003, NULL, NULL, 00000000001, NULL, 00000000021),
(00000000167, 'Sprachen kennen Ruuz', 00000000002, 00000000004, 00000000003, NULL, NULL, 00000000001, NULL, 00000000013),
(00000000168, 'Sprachen kennen Thorwalsch', 00000000002, 00000000004, 00000000003, NULL, NULL, 00000000001, NULL, 00000000016),
(00000000169, 'Sprachen kennen Trollisch', 00000000002, 00000000004, 00000000003, NULL, NULL, 00000000002, NULL, 00000000020),
(00000000170, 'Sprachen kennen Tulamidya', 00000000002, 00000000004, 00000000003, NULL, NULL, 00000000001, NULL, 00000000013),
(00000000171, 'Sprachen kennen Urtulamidya', 00000000002, 00000000004, 00000000003, NULL, NULL, 00000000001, NULL, 00000000013),
(00000000172, 'Sprachen kennen Z\'Lit', 00000000002, 00000000004, 00000000003, NULL, NULL, 00000000001, NULL, 00000000026),
(00000000173, 'Sprachen kennen Zelemja', 00000000002, 00000000004, 00000000003, NULL, NULL, 00000000001, NULL, 00000000013),
(00000000174, 'Sprachen kennen Zhayad', 00000000002, 00000000004, 00000000003, NULL, NULL, 00000000001, NULL, 00000000027),
(00000000175, 'Sprachen kennen Zhulchammaqra', 00000000002, 00000000004, 00000000003, NULL, NULL, 00000000001, NULL, 00000000013),
(00000000176, 'Sprachen kennen Zyklopäisch', 00000000002, 00000000004, 00000000003, NULL, NULL, 00000000001, NULL, 00000000007),
(00000000177, 'Lesen/Schreiben (Alt-)Imperiale Zeichen', 00000000002, 00000000002, 00000000005, NULL, NULL, 00000000001, NULL, 00000000008),
(00000000178, 'Lesen/Schreiben Altes Alaani', 00000000002, 00000000002, 00000000005, NULL, NULL, 00000000001, NULL, 00000000008),
(00000000179, 'Lesen/Schreiben Altes Amulashtra', 00000000002, 00000000002, 00000000005, NULL, NULL, 00000000001, NULL, 00000000008),
(00000000180, 'Lesen/Schreiben Altes Kemi', 00000000002, 00000000002, 00000000005, NULL, NULL, 00000000001, NULL, 00000000008),
(00000000181, 'Lesen/Schreiben Amulashtra', 00000000002, 00000000002, 00000000005, NULL, NULL, 00000000001, NULL, 00000000008),
(00000000182, 'Lesen/Schreiben Angram', 00000000002, 00000000002, 00000000005, NULL, NULL, 00000000001, NULL, 00000000008),
(00000000183, 'Lesen/Schreiben Arkanil', 00000000002, 00000000002, 00000000005, NULL, NULL, 00000000003, NULL, 00000000008),
(00000000184, 'Lesen/Schreiben Chrmk', 00000000002, 00000000002, 00000000005, NULL, NULL, 00000000001, NULL, 00000000008),
(00000000185, 'Lesen/Schreiben Chuchas', 00000000002, 00000000002, 00000000005, NULL, NULL, 00000000002, NULL, 00000000008),
(00000000186, 'Lesen/Schreiben Drakhard-Zinken', 00000000002, 00000000002, 00000000005, NULL, NULL, 00000000001, NULL, 00000000008),
(00000000187, 'Lesen/Schreiben Drakned-Glyphen', 00000000002, 00000000002, 00000000005, NULL, NULL, 00000000002, NULL, 00000000008),
(00000000188, 'Lesen/Schreiben Geheiligte Glyphen von Unau', 00000000002, 00000000002, 00000000005, NULL, NULL, 00000000001, NULL, 00000000008),
(00000000189, 'Lesen/Schreiben Gimaril-Glyphen', 00000000002, 00000000002, 00000000005, NULL, NULL, 00000000001, NULL, 00000000008),
(00000000190, 'Lesen/Schreiben Gjalskisch', 00000000002, 00000000002, 00000000005, NULL, NULL, 00000000001, NULL, 00000000008),
(00000000191, 'Lesen/Schreiben Hjaldingsche Runen', 00000000002, 00000000002, 00000000005, NULL, NULL, 00000000001, NULL, 00000000008),
(00000000192, 'Lesen/Schreiben Isdira/Asdharia', 00000000002, 00000000002, 00000000005, NULL, NULL, 00000000001, NULL, 00000000008),
(00000000193, 'Lesen/Schreiben Kusliker Zeichen', 00000000002, 00000000002, 00000000005, NULL, NULL, 00000000001, NULL, 00000000008),
(00000000194, 'Lesen/Schreiben Mahrische Glyphen', 00000000002, 00000000002, 00000000005, NULL, NULL, 00000000002, NULL, 00000000008),
(00000000195, 'Lesen/Schreiben Nanduria', 00000000002, 00000000002, 00000000005, NULL, NULL, 00000000001, NULL, 00000000008),
(00000000196, 'Lesen/Schreiben Rogolan', 00000000002, 00000000002, 00000000005, NULL, NULL, 00000000001, NULL, 00000000008),
(00000000197, 'Lesen/Schreiben Trollische Raumbilderschrift', 00000000002, 00000000002, 00000000005, NULL, NULL, 00000000003, NULL, 00000000008),
(00000000198, 'Lesen/Schreiben Tulamidya', 00000000002, 00000000002, 00000000005, NULL, NULL, 00000000001, NULL, 00000000008),
(00000000199, 'Lesen/Schreiben Urtulamidya', 00000000002, 00000000002, 00000000005, NULL, NULL, 00000000001, NULL, 00000000008),
(00000000200, 'Lesen/Schreiben Zhayad', 00000000002, 00000000002, 00000000005, NULL, NULL, 00000000001, NULL, 00000000008),
(00000000201, 'Abrichten', 00000000001, 00000000004, 00000000003, NULL, NULL, 00000000002, NULL, 00000000003),
(00000000202, 'Ackerbau', 00000000004, 00000000005, 00000000008, NULL, NULL, 00000000002, NULL, 00000000003),
(00000000203, 'Alchimie', 00000000001, 00000000002, 00000000005, NULL, NULL, 00000000002, NULL, 00000000003),
(00000000204, 'Bergbau', 00000000004, 00000000008, 00000000007, NULL, NULL, 00000000002, NULL, 00000000003),
(00000000205, 'Bogenbau', 00000000002, 00000000004, 00000000005, NULL, NULL, 00000000002, NULL, 00000000003),
(00000000206, 'Boote fahren', 00000000006, 00000000008, 00000000007, NULL, NULL, 00000000002, NULL, 00000000003),
(00000000207, 'Brauer', 00000000002, 00000000005, 00000000007, NULL, NULL, 00000000002, NULL, 00000000003),
(00000000208, 'Drucker', 00000000002, 00000000005, 00000000007, NULL, NULL, 00000000002, NULL, 00000000003),
(00000000209, 'Fahrzeug lenken', 00000000004, 00000000003, 00000000005, NULL, NULL, 00000000002, NULL, 00000000003),
(00000000210, 'Falschspiel', 00000000001, 00000000003, 00000000005, NULL, NULL, 00000000002, NULL, 00000000003),
(00000000211, 'Feinmechanik', 00000000002, 00000000005, 00000000005, NULL, NULL, 00000000002, NULL, 00000000003),
(00000000212, 'Feuersteinbearbeitung', 00000000002, 00000000005, 00000000005, NULL, NULL, 00000000002, NULL, 00000000003),
(00000000213, 'Fleischer', 00000000002, 00000000005, 00000000007, NULL, NULL, 00000000002, NULL, 00000000003),
(00000000214, 'Gerber/Kürschner', 00000000002, 00000000005, 00000000008, NULL, NULL, 00000000002, NULL, 00000000003),
(00000000215, 'Glaskunst', 00000000005, 00000000005, 00000000008, NULL, NULL, 00000000002, NULL, 00000000003),
(00000000216, 'Grobschmied', 00000000005, 00000000008, 00000000007, NULL, NULL, 00000000002, NULL, 00000000003),
(00000000217, 'Handel', 00000000002, 00000000004, 00000000003, NULL, NULL, 00000000002, NULL, 00000000003),
(00000000218, 'Hauswirtschaft', 00000000004, 00000000003, 00000000005, NULL, NULL, 00000000002, NULL, 00000000003),
(00000000219, 'Heilkunde: Gift', 00000000001, 00000000002, 00000000004, NULL, NULL, 00000000002, NULL, 00000000003),
(00000000220, 'Heilkunde: Krankheiten', 00000000001, 00000000002, 00000000003, NULL, NULL, 00000000002, NULL, 00000000003),
(00000000221, 'Heilkunde: Seele', 00000000004, 00000000003, 00000000003, NULL, NULL, 00000000002, NULL, 00000000003),
(00000000222, 'Heilkunde: Wunden', 00000000002, 00000000003, 00000000005, NULL, NULL, 00000000002, 1, 00000000003),
(00000000223, 'Holzbearbeitung', 00000000002, 00000000005, 00000000007, NULL, NULL, 00000000002, 1, 00000000003),
(00000000224, 'Instrumentenbauer', 00000000002, 00000000004, 00000000005, NULL, NULL, 00000000002, NULL, 00000000003),
(00000000225, 'Kartografie', 00000000002, 00000000002, 00000000005, NULL, NULL, 00000000002, NULL, 00000000003),
(00000000226, 'Kochen', 00000000002, 00000000004, 00000000005, NULL, NULL, 00000000002, 1, 00000000003),
(00000000227, 'Kristallzucht', 00000000002, 00000000004, 00000000005, NULL, NULL, 00000000002, NULL, 00000000003),
(00000000228, 'Lederarbeiten', 00000000002, 00000000005, 00000000005, NULL, NULL, 00000000002, NULL, 00000000003),
(00000000229, 'Malen/Zeichnen', 00000000002, 00000000004, 00000000005, NULL, NULL, 00000000002, 1, 00000000003),
(00000000230, 'Maurer', 00000000005, 00000000006, 00000000007, NULL, NULL, 00000000002, NULL, 00000000003),
(00000000231, 'Metallguss', 00000000002, 00000000005, 00000000007, NULL, NULL, 00000000002, NULL, 00000000003),
(00000000232, 'Musizieren', 00000000004, 00000000003, 00000000005, NULL, NULL, 00000000002, NULL, 00000000003),
(00000000233, 'Schlösser knacken', 00000000004, 00000000005, 00000000005, NULL, NULL, 00000000002, NULL, 00000000003),
(00000000234, 'Schnaps brennen', 00000000002, 00000000004, 00000000005, NULL, NULL, 00000000002, NULL, 00000000003),
(00000000235, 'Schneidern', 00000000002, 00000000005, 00000000005, NULL, NULL, 00000000002, 1, 00000000003),
(00000000236, 'Seefahrt', 00000000005, 00000000006, 00000000007, NULL, NULL, 00000000002, NULL, 00000000003),
(00000000237, 'Seiler', 00000000005, 00000000005, 00000000007, NULL, NULL, 00000000002, NULL, 00000000003),
(00000000238, 'Steinmetz', 00000000005, 00000000005, 00000000007, NULL, NULL, 00000000002, NULL, 00000000003),
(00000000239, 'Steinschneider/Juwelier', 00000000004, 00000000005, 00000000005, NULL, NULL, 00000000002, NULL, 00000000003),
(00000000240, 'Stellmacher', 00000000002, 00000000005, 00000000007, NULL, NULL, 00000000002, NULL, 00000000003),
(00000000241, 'Stoffe färben', 00000000002, 00000000005, 00000000007, NULL, NULL, 00000000002, NULL, 00000000003),
(00000000242, 'Tätowieren', 00000000004, 00000000005, 00000000005, NULL, NULL, 00000000002, NULL, 00000000003),
(00000000243, 'Töpfern', 00000000002, 00000000005, 00000000005, NULL, NULL, 00000000002, NULL, 00000000003),
(00000000244, 'Viehzucht', 00000000002, 00000000004, 00000000007, NULL, NULL, 00000000002, NULL, 00000000003),
(00000000245, 'Webkunst', 00000000005, 00000000005, 00000000007, NULL, NULL, 00000000002, NULL, 00000000003),
(00000000246, 'Winzer', 00000000002, 00000000005, 00000000007, NULL, NULL, 00000000002, NULL, 00000000003),
(00000000247, 'Zimmermann', 00000000002, 00000000005, 00000000007, NULL, NULL, 00000000002, NULL, 00000000003),
(00000000248, 'Empathie', 00000000001, 00000000004, 00000000004, NULL, NULL, 00000000006, NULL, 00000000006),
(00000000249, 'Gefahreninstinkt', 00000000002, 00000000004, 00000000004, NULL, NULL, 00000000006, NULL, 00000000006),
(00000000250, 'Geräuschhexerei', 00000000004, 00000000003, 00000000008, NULL, NULL, 00000000006, NULL, 00000000006),
(00000000251, 'Kraftschub', 00000000001, 00000000004, 00000000008, NULL, NULL, 00000000006, NULL, 00000000006),
(00000000252, 'Magiegespür', 00000000001, 00000000004, 00000000004, NULL, NULL, 00000000006, NULL, 00000000006),
(00000000253, 'Prophezeien', 00000000004, 00000000004, 00000000003, NULL, NULL, 00000000006, NULL, 00000000006),
(00000000254, 'Talentschub', 00000000001, 00000000004, 00000000008, NULL, NULL, 00000000006, NULL, 00000000006),
(00000000255, 'Tierempathie', 00000000001, 00000000004, 00000000003, NULL, NULL, 00000000006, NULL, 00000000006),
(00000000256, 'Zwergennase', 00000000004, 00000000004, 00000000005, NULL, NULL, 00000000006, NULL, 00000000006);

-- --------------------------------------------------------

--
-- Table structure for table `talentgruppe`
--

CREATE TABLE `talentgruppe` (
  `id` int(11) UNSIGNED ZEROFILL NOT NULL,
  `name` varchar(50) COLLATE utf8_bin NOT NULL
) ENGINE=InnoDB DEFAULT CHARSET=utf8 COLLATE=utf8_bin;

--
-- Dumping data for table `talentgruppe`
--

INSERT INTO `talentgruppe` (`id`, `name`) VALUES
(00000000001, 'Körperliche Talente'),
(00000000002, 'Gesellschaftliche Talente'),
(00000000003, 'Handwerkliche Talente'),
(00000000004, 'Naturtalente'),
(00000000005, 'Wissenstalente'),
(00000000006, 'Gaben'),
(00000000007, 'Sprachfamilie Garethi'),
(00000000008, 'Schriften'),
(00000000009, 'Bewaffnete Kampftalente'),
(00000000010, 'Fernkampftalente'),
(00000000011, 'Zauber'),
(00000000012, 'Rituale'),
(00000000013, 'Sprachfamilie Tulamidya'),
(00000000014, 'Sprachfamilie Nivesen'),
(00000000015, 'Sprachfamilie Waldmenschen'),
(00000000016, 'Sprachfamilie Thorwaler'),
(00000000017, 'Sprachfamilie Elfen'),
(00000000018, 'Sprachfamilie Zwerge'),
(00000000019, 'Sprachfamilie Orks'),
(00000000020, 'Sprachfamilie Trolle'),
(00000000021, 'Sprachfamilie Geschuppte'),
(00000000022, 'Sprachfamilie Meere'),
(00000000023, 'Sprachfamilie Moloche'),
(00000000024, 'Sprachfamilie Necker'),
(00000000025, 'Sprachfamilie Grolme'),
(00000000026, 'Sprachfamilie Zilten'),
(00000000027, 'Sprachfamilie Magier'),
(00000000028, 'Sprachfamilie Zeichen'),
(00000000029, 'Sprachfamilie Drachen'),
(00000000030, 'Sprachfamilie Goblins'),
(00000000031, 'Bewaffnete Angriffstalente'),
(00000000032, 'Unbewaffnete Kampftalente');

-- --------------------------------------------------------

--
-- Table structure for table `talent_waffe`
--

CREATE TABLE `talent_waffe` (
  `id` int(11) UNSIGNED ZEROFILL NOT NULL,
  `id_talent` int(11) UNSIGNED ZEROFILL NOT NULL,
  `id_waffe` int(11) UNSIGNED ZEROFILL NOT NULL
) ENGINE=InnoDB DEFAULT CHARSET=utf8 COLLATE=utf8_bin;

-- --------------------------------------------------------

--
-- Table structure for table `user`
--

CREATE TABLE `user` (
  `id` int(11) UNSIGNED ZEROFILL NOT NULL COMMENT 'auto incrementing user_id of each user, unique index',
  `user_name` varchar(64) CHARACTER SET utf8 COLLATE utf8_unicode_ci NOT NULL COMMENT 'user''s name, unique',
  `user_password_hash` varchar(255) CHARACTER SET utf8 COLLATE utf8_unicode_ci NOT NULL COMMENT 'user''s password in salted and hashed format',
  `user_email` varchar(64) CHARACTER SET utf8 COLLATE utf8_unicode_ci NOT NULL COMMENT 'user''s email, unique'
) ENGINE=InnoDB DEFAULT CHARSET=utf8 COLLATE=utf8_bin COMMENT='user data';

--
-- Dumping data for table `user`
--

INSERT INTO `user` (`id`, `user_name`, `user_password_hash`, `user_email`) VALUES
(00000000001, 'moiri', '$2y$10$GWO91u/me7hbhx6N7BwxF.F4pfFE9JiIp0G3T0EhEglwEmYfX5wz2', 'moirelein@gmail.com'),
(00000000002, 'wuff', '$2y$10$J/nJAlDE0zME9TK.X7nC6ez1nym.y6ncDVlhWtcHksvS5vq04Ppma', 'asdjakl@ads.com'),
(00000000003, 'hhj', '$2y$10$CGikRLTStZ7sXJuVY28UpuyoRNvVxL9pdNqL415OERBkp8YdcXAdK', 'hjd@assdas.com'),
(00000000004, 'fsdfs', '$2y$10$cet6Sm6.xMGYoIfCZMubsuHod4X4aZG3OxBU3/g694lmRUK4PLkAq', 'asda@ads.com'),
(00000000005, 'hanuele', '$2y$10$y/TQfUcPOOFQzvkICAUagOv0zIHfkF4bHW6LYfzM1JT7j3wm3Nkqm', 'sad@dal.com');

-- --------------------------------------------------------

--
-- Table structure for table `variante`
--

CREATE TABLE `variante` (
  `id` int(11) UNSIGNED ZEROFILL NOT NULL,
  `name` varchar(30) CHARACTER SET utf8 NOT NULL,
  `mod` int(2) NOT NULL,
  `voraussetzung` int(2) NOT NULL,
  `beschreibung` mediumtext CHARACTER SET utf8 NOT NULL,
  `id_zauber` int(11) UNSIGNED ZEROFILL NOT NULL
) ENGINE=InnoDB DEFAULT CHARSET=utf8 COLLATE=utf8_bin;

-- --------------------------------------------------------

--
-- Table structure for table `waffe`
--

CREATE TABLE `waffe` (
  `id` int(11) UNSIGNED ZEROFILL NOT NULL,
  `name` varchar(50) COLLATE utf8_bin NOT NULL,
  `TP` varchar(7) COLLATE utf8_bin NOT NULL,
  `TP_KK` varchar(5) COLLATE utf8_bin NOT NULL,
  `BF` int(2) NOT NULL,
  `INI` int(1) NOT NULL,
  `WM` varchar(5) COLLATE utf8_bin NOT NULL,
  `DK` varchar(3) COLLATE utf8_bin NOT NULL
) ENGINE=InnoDB DEFAULT CHARSET=utf8 COLLATE=utf8_bin;

--
-- Dumping data for table `waffe`
--

INSERT INTO `waffe` (`id`, `name`, `TP`, `TP_KK`, `BF`, `INI`, `WM`, `DK`) VALUES
(00000000001, 'Knüppel', '1W6+1', '11/4', 6, 0, '0/-2', 'N'),
(00000000002, 'Schwert', '1W6+4', '11/4', 1, 0, '0/0', 'N'),
(00000000003, 'Kurzschwert', '1W6+2', '11/4', 0, 1, '0/-1', 'HN');

-- --------------------------------------------------------

--
-- Table structure for table `zauber`
--

CREATE TABLE `zauber` (
  `id` int(11) UNSIGNED ZEROFILL NOT NULL,
  `name` varchar(50) CHARACTER SET utf8 NOT NULL,
  `nameLatein` varchar(50) CHARACTER SET utf8 DEFAULT NULL,
  `id_eigenschaft1` int(11) UNSIGNED ZEROFILL NOT NULL,
  `id_eigenschaft2` int(11) UNSIGNED ZEROFILL NOT NULL,
  `id_eigenschaft3` int(11) UNSIGNED ZEROFILL NOT NULL,
  `mr` tinyint(1) NOT NULL DEFAULT '0' COMMENT 'Modifikation der Probe durch die Magieresistenz?',
  `mod` tinyint(1) NOT NULL DEFAULT '0' COMMENT 'Weitere Modifikation der Probe?',
  `technik` tinytext CHARACTER SET utf8,
  `zauberdauer` varchar(150) CHARACTER SET utf8 NOT NULL,
  `wirkung` mediumtext CHARACTER SET utf8,
  `kosten` varchar(150) CHARACTER SET utf8 NOT NULL,
  `reichweite` varchar(150) CHARACTER SET utf8 NOT NULL,
  `wirkungsdauer` varchar(150) CHARACTER SET utf8 NOT NULL,
  `a` tinyint(1) NOT NULL DEFAULT '0' COMMENT 'Muss der Zauber aufrecht erhalten werden?',
  `reversalis` tinytext CHARACTER SET utf8,
  `antimagie` tinytext CHARACTER SET utf8,
  `komplexitaet` varchar(1) CHARACTER SET utf8 NOT NULL,
  `verbreitung` mediumtext CHARACTER SET utf8
) ENGINE=InnoDB DEFAULT CHARSET=utf8 COLLATE=utf8_bin;

--
-- Dumping data for table `zauber`
--

INSERT INTO `zauber` (`id`, `name`, `nameLatein`, `id_eigenschaft1`, `id_eigenschaft2`, `id_eigenschaft3`, `mr`, `mod`, `technik`, `zauberdauer`, `wirkung`, `kosten`, `reichweite`, `wirkungsdauer`, `a`, `reversalis`, `antimagie`, `komplexitaet`, `verbreitung`) VALUES
(00000000001, 'Pentagramma Sphärenbann', NULL, 00000000001, 00000000001, 00000000004, 0, 1, NULL, '20 Aktionen', NULL, '7 AsP pro Geist, 11 AsP pro Niederem Dämon, 17 AsP pro Gehörntem Dämon, 35 pro Erzdämon', '7 Schritt Radius um das Pentagramm', 'augenblicklich', 0, NULL, NULL, 'D', NULL),
(00000000002, 'Abvenenum reine Speise', NULL, 00000000003, 00000000003, 00000000005, 0, 1, NULL, 'mindestens 15 Aktionen', NULL, '4 AsP pro Mahlzeit, die für etwa 10 Personen reicht (Sch: 3 AsP)', '1 Schritt', 'augenblicklich', 0, NULL, NULL, 'C', NULL),
(00000000003, 'Analy Arcanstuktur', NULL, 00000000003, 00000000003, 00000000002, 0, 1, NULL, 'mindestens 1 Spielrunde', NULL, '6 AsP + 3 AsP für jede angefangene halbe Stunde, die die Analyse dauert', '1 Schritt', 'identisch mit Zauberdauer, nach AsP-Aufwand. Während der Wirkungs-/Zauberdauer kann der Magier keine anderen Aktionen unternehmen', 0, NULL, NULL, 'D', NULL),
(00000000004, 'Ängste lindern', NULL, 00000000001, 00000000002, 00000000004, 0, 0, NULL, '20 Aktionen', NULL, '5 AsP', 'Berührung', 'augenblicklich, die motivierende Kraft des Zaubers hält so lange an, wie die direkt auf den Zauber folgende Aktion dauert', 0, NULL, NULL, 'C', NULL),
(00000000005, 'Applicatus Zauberspeicher', NULL, 00000000003, 00000000005, 00000000005, 0, 0, NULL, '40 Aktionen', NULL, '2W6 AsP (+ Kosten des Wirkenden Spruches)', 'Berührung', 'längstens bis zum nächsten Sonnenaufgang, dann bauen sich die Muster des APPLICATUS ab und der fixierte Zauberspruch wird automatisch ausgelöst', 0, NULL, NULL, 'C', NULL),
(00000000006, 'Arcanovi Artefakt', NULL, 00000000003, 00000000003, 00000000005, 0, 0, NULL, 'ein bis mehrere Stunden', NULL, '10 AsP (+ Kosten der Wirkenden Sprüche). Jedes Artefakt erfordert zudem den Aufwand von permanenten AsP zur Schaffung einer dauerhaften Matrix', 'Berührung', 'variabel; je nach Art des Artefakts bleibt der ARCANOVI mindestens bis zur Auslösung der Wirkenden Sprüche intakt', 0, NULL, NULL, 'E', NULL),
(00000000007, 'Armatrutz', NULL, 00000000002, 00000000006, 00000000007, 0, 0, NULL, '3 Aktionen', NULL, 'zusätzlicher RS mal zusätzlicher RS minus ZfP*/2 in AsP, mindestens aber 4 AsP', 'selbst', 'maximal eine Spielrunde', 1, NULL, NULL, 'B', NULL),
(00000000008, 'Attributo', NULL, 00000000003, 00000000004, 00000000009, 0, 0, NULL, '30 Aktionen', NULL, '7 AsP (Sch: 5 AsP)', 'Berührung', '1 Stunde', 0, NULL, NULL, 'B', NULL);

-- --------------------------------------------------------

--
-- Table structure for table `zauber_merkmal`
--

CREATE TABLE `zauber_merkmal` (
  `id` int(11) UNSIGNED ZEROFILL NOT NULL,
  `id_zauber` int(11) UNSIGNED ZEROFILL NOT NULL,
  `id_merkmal` int(11) UNSIGNED ZEROFILL NOT NULL
) ENGINE=InnoDB DEFAULT CHARSET=utf8 COLLATE=utf8_bin;

--
-- Dumping data for table `zauber_merkmal`
--

INSERT INTO `zauber_merkmal` (`id`, `id_zauber`, `id_merkmal`) VALUES
(00000000001, 00000000001, 00000000001),
(00000000002, 00000000001, 00000000002),
(00000000003, 00000000001, 00000000003),
(00000000004, 00000000001, 00000000001),
(00000000005, 00000000002, 00000000031),
(00000000006, 00000000003, 00000000024),
(00000000007, 00000000003, 00000000030),
(00000000008, 00000000004, 00000000013),
(00000000009, 00000000005, 00000000031),
(00000000010, 00000000005, 00000000030),
(00000000011, 00000000006, 00000000031),
(00000000012, 00000000006, 00000000030),
(00000000013, 00000000007, 00000000012),
(00000000014, 00000000007, 00000000016),
(00000000015, 00000000008, 00000000012);

-- --------------------------------------------------------

--
-- Table structure for table `zauber_spomoKurz`
--

CREATE TABLE `zauber_spomoKurz` (
  `id` int(11) UNSIGNED ZEROFILL NOT NULL,
  `id_zauber` int(11) UNSIGNED ZEROFILL NOT NULL,
  `id_spomoKurz` int(11) UNSIGNED ZEROFILL NOT NULL
) ENGINE=InnoDB DEFAULT CHARSET=utf8 COLLATE=utf8_bin;

--
-- Dumping data for table `zauber_spomoKurz`
--

INSERT INTO `zauber_spomoKurz` (`id`, `id_zauber`, `id_spomoKurz`) VALUES
(00000000001, 00000000001, 00000000002),
(00000000002, 00000000001, 00000000008),
(00000000003, 00000000001, 00000000003),
(00000000004, 00000000001, 00000000009),
(00000000005, 00000000002, 00000000002),
(00000000006, 00000000002, 00000000009),
(00000000007, 00000000003, 00000000002),
(00000000008, 00000000003, 00000000004),
(00000000009, 00000000003, 00000000009),
(00000000010, 00000000004, 00000000002),
(00000000011, 00000000004, 00000000003),
(00000000012, 00000000004, 00000000004),
(00000000013, 00000000004, 00000000009),
(00000000014, 00000000005, 00000000002),
(00000000015, 00000000005, 00000000004),
(00000000016, 00000000005, 00000000010),
(00000000017, 00000000007, 00000000002),
(00000000018, 00000000007, 00000000004),
(00000000019, 00000000007, 00000000011),
(00000000020, 00000000007, 00000000010),
(00000000021, 00000000008, 00000000002),
(00000000022, 00000000008, 00000000010),
(00000000023, 00000000008, 00000000012);

--
-- Indexes for dumped tables
--

--
-- Indexes for table `basis`
--
ALTER TABLE `basis`
  ADD PRIMARY KEY (`id`);

--
-- Indexes for table `eigenschaft`
--
ALTER TABLE `eigenschaft`
  ADD PRIMARY KEY (`id`);

--
-- Indexes for table `gruppe`
--
ALTER TABLE `gruppe`
  ADD PRIMARY KEY (`id`),
  ADD KEY `id_user` (`owner`);

--
-- Indexes for table `held`
--
ALTER TABLE `held`
  ADD PRIMARY KEY (`id`),
  ADD KEY `id_user` (`id_user`);

--
-- Indexes for table `held_basis`
--
ALTER TABLE `held_basis`
  ADD PRIMARY KEY (`id`),
  ADD KEY `id_held` (`id_held`),
  ADD KEY `id_basis` (`id_basis`);

--
-- Indexes for table `held_eigenschaft`
--
ALTER TABLE `held_eigenschaft`
  ADD PRIMARY KEY (`id`),
  ADD KEY `id_held` (`id_held`,`id_eigenschaft`),
  ADD KEY `id_wert` (`id_eigenschaft`);

--
-- Indexes for table `held_gruppe`
--
ALTER TABLE `held_gruppe`
  ADD PRIMARY KEY (`id`),
  ADD KEY `id_held` (`id_held`),
  ADD KEY `id_gruppe` (`id_gruppe`);

--
-- Indexes for table `held_kampf`
--
ALTER TABLE `held_kampf`
  ADD PRIMARY KEY (`id`),
  ADD KEY `id_held` (`id_held`),
  ADD KEY `id_kampf` (`id_kampf`);

--
-- Indexes for table `held_nachteil`
--
ALTER TABLE `held_nachteil`
  ADD PRIMARY KEY (`id`),
  ADD KEY `id_held` (`id_held`);

--
-- Indexes for table `held_talent`
--
ALTER TABLE `held_talent`
  ADD PRIMARY KEY (`id`),
  ADD KEY `id_held` (`id_held`),
  ADD KEY `id_talent` (`id_talent`);

--
-- Indexes for table `held_vorteil`
--
ALTER TABLE `held_vorteil`
  ADD PRIMARY KEY (`id`),
  ADD KEY `id_held` (`id_held`);

--
-- Indexes for table `held_waffe`
--
ALTER TABLE `held_waffe`
  ADD PRIMARY KEY (`id`),
  ADD KEY `held_id` (`held_id`),
  ADD KEY `waffe_id` (`waffe_id`);

--
-- Indexes for table `kampf`
--
ALTER TABLE `kampf`
  ADD PRIMARY KEY (`id`);

--
-- Indexes for table `ls`
--
ALTER TABLE `ls`
  ADD PRIMARY KEY (`id`);

--
-- Indexes for table `merkmal`
--
ALTER TABLE `merkmal`
  ADD PRIMARY KEY (`id`);

--
-- Indexes for table `spomo`
--
ALTER TABLE `spomo`
  ADD PRIMARY KEY (`id`),
  ADD KEY `kategorie` (`id_spomoKurz`);

--
-- Indexes for table `spomoKurz`
--
ALTER TABLE `spomoKurz`
  ADD PRIMARY KEY (`id`);

--
-- Indexes for table `talent`
--
ALTER TABLE `talent`
  ADD PRIMARY KEY (`id`),
  ADD KEY `id_eigenschaft1` (`id_eigenschaft1`),
  ADD KEY `id_eigenschaft2` (`id_eigenschaft2`),
  ADD KEY `id_eigenschaft3` (`id_eigenschaft3`),
  ADD KEY `id_eigenschaft3_alt` (`id_eigenschaft3_alt`),
  ADD KEY `id_talentgruppe` (`id_talentgruppe`),
  ADD KEY `id_ls` (`id_ls`);

--
-- Indexes for table `talentgruppe`
--
ALTER TABLE `talentgruppe`
  ADD PRIMARY KEY (`id`);

--
-- Indexes for table `talent_waffe`
--
ALTER TABLE `talent_waffe`
  ADD PRIMARY KEY (`id`),
  ADD KEY `id_talent` (`id_talent`),
  ADD KEY `id_waffe` (`id_waffe`);

--
-- Indexes for table `user`
--
ALTER TABLE `user`
  ADD PRIMARY KEY (`id`),
  ADD UNIQUE KEY `user_name` (`user_name`),
  ADD UNIQUE KEY `user_email` (`user_email`);

--
-- Indexes for table `variante`
--
ALTER TABLE `variante`
  ADD PRIMARY KEY (`id`),
  ADD KEY `id_zauber` (`id_zauber`);

--
-- Indexes for table `waffe`
--
ALTER TABLE `waffe`
  ADD PRIMARY KEY (`id`);

--
-- Indexes for table `zauber`
--
ALTER TABLE `zauber`
  ADD PRIMARY KEY (`id`),
  ADD KEY `probe` (`id_eigenschaft1`,`id_eigenschaft2`,`id_eigenschaft3`),
  ADD KEY `zauber_ibfk_2` (`id_eigenschaft2`),
  ADD KEY `zauber_ibfk_3` (`id_eigenschaft3`);

--
-- Indexes for table `zauber_merkmal`
--
ALTER TABLE `zauber_merkmal`
  ADD PRIMARY KEY (`id`),
  ADD KEY `id_zauber` (`id_zauber`),
  ADD KEY `id_merkmale` (`id_merkmal`);

--
-- Indexes for table `zauber_spomoKurz`
--
ALTER TABLE `zauber_spomoKurz`
  ADD PRIMARY KEY (`id`),
  ADD KEY `id_zauber` (`id_zauber`),
  ADD KEY `id_spomoKurz` (`id_spomoKurz`);

--
-- AUTO_INCREMENT for dumped tables
--

--
-- AUTO_INCREMENT for table `basis`
--
ALTER TABLE `basis`
  MODIFY `id` int(11) UNSIGNED ZEROFILL NOT NULL AUTO_INCREMENT, AUTO_INCREMENT=6;
--
-- AUTO_INCREMENT for table `eigenschaft`
--
ALTER TABLE `eigenschaft`
  MODIFY `id` int(11) UNSIGNED ZEROFILL NOT NULL AUTO_INCREMENT, AUTO_INCREMENT=11;
--
-- AUTO_INCREMENT for table `gruppe`
--
ALTER TABLE `gruppe`
  MODIFY `id` int(11) UNSIGNED ZEROFILL NOT NULL AUTO_INCREMENT, AUTO_INCREMENT=4;
--
-- AUTO_INCREMENT for table `held`
--
ALTER TABLE `held`
  MODIFY `id` int(11) UNSIGNED ZEROFILL NOT NULL AUTO_INCREMENT, AUTO_INCREMENT=4;
--
-- AUTO_INCREMENT for table `held_basis`
--
ALTER TABLE `held_basis`
  MODIFY `id` int(11) UNSIGNED ZEROFILL NOT NULL AUTO_INCREMENT, AUTO_INCREMENT=5;
--
-- AUTO_INCREMENT for table `held_eigenschaft`
--
ALTER TABLE `held_eigenschaft`
  MODIFY `id` int(11) UNSIGNED ZEROFILL NOT NULL AUTO_INCREMENT, AUTO_INCREMENT=12;
--
-- AUTO_INCREMENT for table `held_gruppe`
--
ALTER TABLE `held_gruppe`
  MODIFY `id` int(11) UNSIGNED ZEROFILL NOT NULL AUTO_INCREMENT, AUTO_INCREMENT=5;
--
-- AUTO_INCREMENT for table `held_kampf`
--
ALTER TABLE `held_kampf`
  MODIFY `id` int(11) UNSIGNED ZEROFILL NOT NULL AUTO_INCREMENT, AUTO_INCREMENT=9;
--
-- AUTO_INCREMENT for table `held_nachteil`
--
ALTER TABLE `held_nachteil`
  MODIFY `id` int(11) UNSIGNED ZEROFILL NOT NULL AUTO_INCREMENT, AUTO_INCREMENT=8;
--
-- AUTO_INCREMENT for table `held_talent`
--
ALTER TABLE `held_talent`
  MODIFY `id` int(11) UNSIGNED ZEROFILL NOT NULL AUTO_INCREMENT;
--
-- AUTO_INCREMENT for table `held_vorteil`
--
ALTER TABLE `held_vorteil`
  MODIFY `id` int(11) UNSIGNED ZEROFILL NOT NULL AUTO_INCREMENT, AUTO_INCREMENT=6;
--
-- AUTO_INCREMENT for table `held_waffe`
--
ALTER TABLE `held_waffe`
  MODIFY `id` int(11) UNSIGNED ZEROFILL NOT NULL AUTO_INCREMENT, AUTO_INCREMENT=2;
--
-- AUTO_INCREMENT for table `kampf`
--
ALTER TABLE `kampf`
  MODIFY `id` int(11) UNSIGNED ZEROFILL NOT NULL AUTO_INCREMENT, AUTO_INCREMENT=9;
--
-- AUTO_INCREMENT for table `ls`
--
ALTER TABLE `ls`
  MODIFY `id` int(11) UNSIGNED ZEROFILL NOT NULL AUTO_INCREMENT, AUTO_INCREMENT=9;
--
-- AUTO_INCREMENT for table `merkmal`
--
ALTER TABLE `merkmal`
  MODIFY `id` int(11) UNSIGNED ZEROFILL NOT NULL AUTO_INCREMENT, AUTO_INCREMENT=37;
--
-- AUTO_INCREMENT for table `spomo`
--
ALTER TABLE `spomo`
  MODIFY `id` int(11) UNSIGNED ZEROFILL NOT NULL AUTO_INCREMENT, AUTO_INCREMENT=16;
--
-- AUTO_INCREMENT for table `spomoKurz`
--
ALTER TABLE `spomoKurz`
  MODIFY `id` int(11) UNSIGNED ZEROFILL NOT NULL AUTO_INCREMENT, AUTO_INCREMENT=13;
--
-- AUTO_INCREMENT for table `talent`
--
ALTER TABLE `talent`
  MODIFY `id` int(11) UNSIGNED ZEROFILL NOT NULL AUTO_INCREMENT, AUTO_INCREMENT=257;
--
-- AUTO_INCREMENT for table `talentgruppe`
--
ALTER TABLE `talentgruppe`
  MODIFY `id` int(11) UNSIGNED ZEROFILL NOT NULL AUTO_INCREMENT, AUTO_INCREMENT=33;
--
-- AUTO_INCREMENT for table `talent_waffe`
--
ALTER TABLE `talent_waffe`
  MODIFY `id` int(11) UNSIGNED ZEROFILL NOT NULL AUTO_INCREMENT;
--
-- AUTO_INCREMENT for table `user`
--
ALTER TABLE `user`
  MODIFY `id` int(11) UNSIGNED ZEROFILL NOT NULL AUTO_INCREMENT COMMENT 'auto incrementing user_id of each user, unique index', AUTO_INCREMENT=6;
--
-- AUTO_INCREMENT for table `variante`
--
ALTER TABLE `variante`
  MODIFY `id` int(11) UNSIGNED ZEROFILL NOT NULL AUTO_INCREMENT;
--
-- AUTO_INCREMENT for table `waffe`
--
ALTER TABLE `waffe`
  MODIFY `id` int(11) UNSIGNED ZEROFILL NOT NULL AUTO_INCREMENT, AUTO_INCREMENT=4;
--
-- AUTO_INCREMENT for table `zauber`
--
ALTER TABLE `zauber`
  MODIFY `id` int(11) UNSIGNED ZEROFILL NOT NULL AUTO_INCREMENT, AUTO_INCREMENT=9;
--
-- AUTO_INCREMENT for table `zauber_merkmal`
--
ALTER TABLE `zauber_merkmal`
  MODIFY `id` int(11) UNSIGNED ZEROFILL NOT NULL AUTO_INCREMENT, AUTO_INCREMENT=16;
--
-- AUTO_INCREMENT for table `zauber_spomoKurz`
--
ALTER TABLE `zauber_spomoKurz`
  MODIFY `id` int(11) UNSIGNED ZEROFILL NOT NULL AUTO_INCREMENT, AUTO_INCREMENT=24;
--
-- Constraints for dumped tables
--

--
-- Constraints for table `gruppe`
--
ALTER TABLE `gruppe`
  ADD CONSTRAINT `gruppe_ibfk_1` FOREIGN KEY (`owner`) REFERENCES `user` (`id`) ON DELETE NO ACTION ON UPDATE CASCADE;

--
-- Constraints for table `held`
--
ALTER TABLE `held`
  ADD CONSTRAINT `held_ibfk_1` FOREIGN KEY (`id_user`) REFERENCES `user` (`id`) ON DELETE NO ACTION ON UPDATE CASCADE;

--
-- Constraints for table `held_basis`
--
ALTER TABLE `held_basis`
  ADD CONSTRAINT `held_basis_ibfk_1` FOREIGN KEY (`id_held`) REFERENCES `held` (`id`) ON DELETE NO ACTION ON UPDATE CASCADE,
  ADD CONSTRAINT `held_basis_ibfk_2` FOREIGN KEY (`id_basis`) REFERENCES `basis` (`id`) ON DELETE NO ACTION ON UPDATE CASCADE;

--
-- Constraints for table `held_eigenschaft`
--
ALTER TABLE `held_eigenschaft`
  ADD CONSTRAINT `held_eigenschaft_ibfk_1` FOREIGN KEY (`id_held`) REFERENCES `held` (`id`) ON DELETE NO ACTION ON UPDATE CASCADE,
  ADD CONSTRAINT `held_eigenschaft_ibfk_2` FOREIGN KEY (`id_eigenschaft`) REFERENCES `eigenschaft` (`id`) ON DELETE NO ACTION ON UPDATE CASCADE;

--
-- Constraints for table `held_gruppe`
--
ALTER TABLE `held_gruppe`
  ADD CONSTRAINT `held_gruppe_ibfk_1` FOREIGN KEY (`id_gruppe`) REFERENCES `gruppe` (`id`) ON DELETE NO ACTION ON UPDATE CASCADE,
  ADD CONSTRAINT `held_gruppe_ibfk_2` FOREIGN KEY (`id_held`) REFERENCES `held` (`id`) ON DELETE NO ACTION ON UPDATE CASCADE;

--
-- Constraints for table `held_kampf`
--
ALTER TABLE `held_kampf`
  ADD CONSTRAINT `held_kampf_ibfk_1` FOREIGN KEY (`id_held`) REFERENCES `held` (`id`) ON DELETE NO ACTION ON UPDATE CASCADE,
  ADD CONSTRAINT `held_kampf_ibfk_2` FOREIGN KEY (`id_kampf`) REFERENCES `kampf` (`id`) ON DELETE NO ACTION ON UPDATE CASCADE;

--
-- Constraints for table `held_nachteil`
--
ALTER TABLE `held_nachteil`
  ADD CONSTRAINT `held_nachteil_ibfk_1` FOREIGN KEY (`id_held`) REFERENCES `held` (`id`) ON DELETE NO ACTION ON UPDATE CASCADE;

--
-- Constraints for table `held_talent`
--
ALTER TABLE `held_talent`
  ADD CONSTRAINT `held_talent_ibfk_1` FOREIGN KEY (`id_held`) REFERENCES `held` (`id`) ON DELETE NO ACTION ON UPDATE CASCADE,
  ADD CONSTRAINT `held_talent_ibfk_2` FOREIGN KEY (`id_talent`) REFERENCES `talent` (`id`) ON DELETE NO ACTION ON UPDATE CASCADE;

--
-- Constraints for table `held_vorteil`
--
ALTER TABLE `held_vorteil`
  ADD CONSTRAINT `held_vorteil_ibfk_1` FOREIGN KEY (`id_held`) REFERENCES `held` (`id`) ON DELETE NO ACTION ON UPDATE CASCADE;

--
-- Constraints for table `held_waffe`
--
ALTER TABLE `held_waffe`
  ADD CONSTRAINT `held_waffe_ibfk_1` FOREIGN KEY (`held_id`) REFERENCES `held` (`id`) ON DELETE NO ACTION ON UPDATE CASCADE,
  ADD CONSTRAINT `held_waffe_ibfk_2` FOREIGN KEY (`waffe_id`) REFERENCES `waffe` (`id`) ON DELETE NO ACTION ON UPDATE CASCADE;

--
-- Constraints for table `spomo`
--
ALTER TABLE `spomo`
  ADD CONSTRAINT `spomo_ibfk_1` FOREIGN KEY (`id_spomoKurz`) REFERENCES `spomoKurz` (`id`) ON DELETE NO ACTION ON UPDATE CASCADE;

--
-- Constraints for table `talent`
--
ALTER TABLE `talent`
  ADD CONSTRAINT `talent_ibfk_1` FOREIGN KEY (`id_eigenschaft1`) REFERENCES `eigenschaft` (`id`) ON DELETE NO ACTION ON UPDATE CASCADE,
  ADD CONSTRAINT `talent_ibfk_2` FOREIGN KEY (`id_eigenschaft2`) REFERENCES `eigenschaft` (`id`) ON DELETE NO ACTION ON UPDATE CASCADE,
  ADD CONSTRAINT `talent_ibfk_3` FOREIGN KEY (`id_eigenschaft3`) REFERENCES `eigenschaft` (`id`) ON DELETE NO ACTION ON UPDATE CASCADE,
  ADD CONSTRAINT `talent_ibfk_4` FOREIGN KEY (`id_eigenschaft3_alt`) REFERENCES `eigenschaft` (`id`) ON DELETE NO ACTION ON UPDATE CASCADE,
  ADD CONSTRAINT `talent_ibfk_5` FOREIGN KEY (`id_ls`) REFERENCES `ls` (`id`) ON DELETE NO ACTION ON UPDATE CASCADE;

--
-- Constraints for table `talent_waffe`
--
ALTER TABLE `talent_waffe`
  ADD CONSTRAINT `talent_waffe_ibfk_1` FOREIGN KEY (`id_talent`) REFERENCES `talent` (`id`) ON DELETE NO ACTION ON UPDATE CASCADE,
  ADD CONSTRAINT `talent_waffe_ibfk_2` FOREIGN KEY (`id_waffe`) REFERENCES `waffe` (`id`) ON DELETE NO ACTION ON UPDATE CASCADE;

--
-- Constraints for table `variante`
--
ALTER TABLE `variante`
  ADD CONSTRAINT `variante_ibfk_1` FOREIGN KEY (`id_zauber`) REFERENCES `zauber` (`id`) ON DELETE NO ACTION ON UPDATE CASCADE;

--
-- Constraints for table `zauber`
--
ALTER TABLE `zauber`
  ADD CONSTRAINT `zauber_ibfk_1` FOREIGN KEY (`id_eigenschaft1`) REFERENCES `eigenschaft` (`id`) ON DELETE NO ACTION ON UPDATE CASCADE,
  ADD CONSTRAINT `zauber_ibfk_2` FOREIGN KEY (`id_eigenschaft2`) REFERENCES `eigenschaft` (`id`) ON DELETE NO ACTION ON UPDATE CASCADE,
  ADD CONSTRAINT `zauber_ibfk_3` FOREIGN KEY (`id_eigenschaft3`) REFERENCES `eigenschaft` (`id`) ON DELETE NO ACTION ON UPDATE CASCADE;

--
-- Constraints for table `zauber_merkmal`
--
ALTER TABLE `zauber_merkmal`
  ADD CONSTRAINT `zauber_merkmal_ibfk_1` FOREIGN KEY (`id_zauber`) REFERENCES `zauber` (`id`) ON DELETE NO ACTION ON UPDATE CASCADE,
  ADD CONSTRAINT `zauber_merkmal_ibfk_2` FOREIGN KEY (`id_merkmal`) REFERENCES `merkmal` (`id`) ON DELETE NO ACTION ON UPDATE CASCADE;

--
-- Constraints for table `zauber_spomoKurz`
--
ALTER TABLE `zauber_spomoKurz`
  ADD CONSTRAINT `zauber_spomoKurz_ibfk_1` FOREIGN KEY (`id_zauber`) REFERENCES `zauber` (`id`) ON DELETE NO ACTION ON UPDATE CASCADE,
  ADD CONSTRAINT `zauber_spomoKurz_ibfk_2` FOREIGN KEY (`id_spomoKurz`) REFERENCES `spomoKurz` (`id`) ON DELETE NO ACTION ON UPDATE CASCADE;

/*!40101 SET CHARACTER_SET_CLIENT=@OLD_CHARACTER_SET_CLIENT */;
/*!40101 SET CHARACTER_SET_RESULTS=@OLD_CHARACTER_SET_RESULTS */;
/*!40101 SET COLLATION_CONNECTION=@OLD_COLLATION_CONNECTION */;
