-- phpMyAdmin SQL Dump
-- version 4.5.4.1deb2ubuntu2
-- http://www.phpmyadmin.net
--
-- Host: localhost
-- Generation Time: Jan 02, 2017 at 02:11 PM
-- Server version: 5.7.16-0ubuntu0.16.04.1
-- PHP Version: 7.0.8-0ubuntu0.16.04.3

SET SQL_MODE = "NO_AUTO_VALUE_ON_ZERO";
SET time_zone = "+00:00";


/*!40101 SET @OLD_CHARACTER_SET_CLIENT=@@CHARACTER_SET_CLIENT */;
/*!40101 SET @OLD_CHARACTER_SET_RESULTS=@@CHARACTER_SET_RESULTS */;
/*!40101 SET @OLD_COLLATION_CONNECTION=@@COLLATION_CONNECTION */;
/*!40101 SET NAMES utf8mb4 */;

--
-- Database: `dsa-sheet`
--

-- --------------------------------------------------------

--
-- Table structure for table `basis`
--

CREATE TABLE `basis` (
  `id` int(11) UNSIGNED ZEROFILL NOT NULL,
  `name` varchar(20) COLLATE utf8_bin NOT NULL,
  `short_name` varchar(3) COLLATE utf8_bin NOT NULL,
  `wert_def` varchar(20) COLLATE utf8_bin NOT NULL,
  `wert_def_alt` varchar(20) COLLATE utf8_bin DEFAULT NULL,
  `max_kauf_def` varchar(10) COLLATE utf8_bin DEFAULT NULL
) ENGINE=InnoDB DEFAULT CHARSET=utf8 COLLATE=utf8_bin;

--
-- Dumping data for table `basis`
--

INSERT INTO `basis` (`id`, `name`, `short_name`, `wert_def`, `wert_def_alt`, `max_kauf_def`) VALUES
(00000000001, 'Lebensenergie', 'LE', '(KO+KO+KK)/2', NULL, 'KO/2'),
(00000000002, 'Ausdauer', 'AU', '(MU+GE+KO)/2', NULL, '2*KO'),
(00000000003, 'Astralenergie', 'AE', '(MU+IN+CH)/2', '(MU+MU+IN+CH)/2', 'CH'),
(00000000004, 'Magieresistenz', 'MR', '(MU+KL+KO)/5', NULL, 'MU/2'),
(00000000005, 'Karmaenergie', 'KE', '?', NULL, NULL);

-- --------------------------------------------------------

--
-- Table structure for table `eigenschaft`
--

CREATE TABLE `eigenschaft` (
  `id` int(11) UNSIGNED ZEROFILL NOT NULL,
  `name` varchar(20) COLLATE utf8_bin NOT NULL,
  `short_name` varchar(2) COLLATE utf8_bin NOT NULL,
  `meta` int(1) DEFAULT NULL
) ENGINE=InnoDB DEFAULT CHARSET=utf8 COLLATE=utf8_bin;

--
-- Dumping data for table `eigenschaft`
--

INSERT INTO `eigenschaft` (`id`, `name`, `short_name`, `meta`) VALUES
(00000000001, 'Mut', 'MU', NULL),
(00000000002, 'Klugheit', 'KL', NULL),
(00000000003, 'Charisma', 'CH', NULL),
(00000000004, 'Intuition', 'IN', NULL),
(00000000005, 'Fingerfertigkeit', 'FF', NULL),
(00000000006, 'Gewandtheit', 'GE', NULL),
(00000000007, 'Körperkraft', 'KK', NULL),
(00000000008, 'Konstitution', 'KO', NULL),
(00000000009, 'Geschwindigkeit', 'GS', NULL),
(00000000010, 'Sozialstatus', 'SO', NULL),
(00000000011, 'Eigenschaft', '**', 1),
(00000000012, 'Keine', '--', 1);

-- --------------------------------------------------------

--
-- Table structure for table `gruppe`
--

CREATE TABLE `gruppe` (
  `id` int(11) UNSIGNED ZEROFILL NOT NULL,
  `name` varchar(20) COLLATE utf8_bin NOT NULL,
  `description` text COLLATE utf8_bin NOT NULL,
  `owner` int(11) UNSIGNED ZEROFILL NOT NULL
) ENGINE=InnoDB DEFAULT CHARSET=utf8 COLLATE=utf8_bin;

--
-- Dumping data for table `gruppe`
--

INSERT INTO `gruppe` (`id`, `name`, `description`, `owner`) VALUES
(00000000001, 'G7 Hauptgruppe', 'Kampagne der sieben Gezeichneten', 00000000002),
(00000000002, 'G7 Nebengruppe', 'Kampagne der sieben Gezeichneten aus Sicht von Neben-Charakteren', 00000000002),
(00000000003, 'Phileason Kampagne', '', 00000000003);

-- --------------------------------------------------------

--
-- Table structure for table `held`
--

CREATE TABLE `held` (
  `id` int(11) UNSIGNED ZEROFILL NOT NULL,
  `id_user` int(11) UNSIGNED ZEROFILL NOT NULL,
  `chatname` varchar(20) COLLATE utf8_bin NOT NULL,
  `name` varchar(50) COLLATE utf8_bin DEFAULT NULL,
  `beschrieb` text COLLATE utf8_bin NOT NULL,
  `titel` varchar(50) COLLATE utf8_bin DEFAULT NULL,
  `geschlecht` varchar(50) COLLATE utf8_bin DEFAULT NULL,
  `rasse` varchar(50) COLLATE utf8_bin DEFAULT NULL,
  `kultur` varchar(50) COLLATE utf8_bin DEFAULT NULL,
  `profession` varchar(50) COLLATE utf8_bin DEFAULT NULL,
  `geburtsdatum` varchar(50) COLLATE utf8_bin DEFAULT NULL,
  `haarfarbe` varchar(50) COLLATE utf8_bin DEFAULT NULL,
  `augenfarbe` varchar(50) COLLATE utf8_bin DEFAULT NULL,
  `groesse` varchar(50) COLLATE utf8_bin DEFAULT NULL,
  `gewicht` varchar(50) COLLATE utf8_bin DEFAULT NULL
) ENGINE=InnoDB DEFAULT CHARSET=utf8 COLLATE=utf8_bin;

--
-- Dumping data for table `held`
--

INSERT INTO `held` (`id`, `id_user`, `chatname`, `name`, `beschrieb`, `titel`, `geschlecht`, `rasse`, `kultur`, `profession`, `geburtsdatum`, `haarfarbe`, `augenfarbe`, `groesse`, `gewicht`) VALUES
(00000000001, 00000000001, 'Yendan', 'Yendan aus Perricum zu Nimra', 'Yendan ist ein Magier wie man sie aus düsteren Märchen kennt. Seine Person ist von vielen geheimnisvollen Geschichten umrankt, Geschichten die ihn in der gorische Wüste den Theclador-Effekt entdecken lassen, ihn als gestaltenwandelnder weisser Drache beschreiben oder gar als dunkler Genosse des Dämonenmeisters Borbarad.\r\n\r\nSein dumpf glimmendes linkes Rubin-Auge, die langen weissen Haare und die fremdländischen Gesichtszüge machen es schwer sein Alter zu schätzen.', 'Edler von Nimra', 'männlich', 'Nivese', 'Garetien', 'Magier', '8. Boron 976 BF (17 v. Hal)', 'weiss', 'rot/bernstein', '87 Finger', '61 Stein'),
(00000000002, 00000000001, 'Connar', 'Connar', '', NULL, NULL, NULL, NULL, NULL, NULL, NULL, NULL, NULL, NULL),
(00000000003, 00000000005, '', 'Falaris', '', NULL, NULL, NULL, NULL, NULL, NULL, NULL, NULL, NULL, NULL);

-- --------------------------------------------------------

--
-- Table structure for table `held_basis`
--

CREATE TABLE `held_basis` (
  `id` int(11) UNSIGNED ZEROFILL NOT NULL,
  `id_held` int(11) UNSIGNED ZEROFILL NOT NULL,
  `id_basis` int(11) UNSIGNED ZEROFILL NOT NULL,
  `wert` int(2) NOT NULL,
  `start` int(2) NOT NULL,
  `modifikator` int(2) DEFAULT NULL,
  `kauf` int(2) DEFAULT NULL,
  `kauf_max` int(2) DEFAULT NULL
) ENGINE=InnoDB DEFAULT CHARSET=utf8 COLLATE=utf8_bin;

--
-- Dumping data for table `held_basis`
--

INSERT INTO `held_basis` (`id`, `id_held`, `id_basis`, `wert`, `start`, `modifikator`, `kauf`, `kauf_max`) VALUES
(00000000001, 00000000001, 00000000001, 26, 19, 6, 1, 7),
(00000000002, 00000000001, 00000000002, 34, 21, 10, 3, 28),
(00000000003, 00000000001, 00000000003, 68, 33, 30, 5, 15),
(00000000004, 00000000001, 00000000004, 9, 10, -3, 2, 9);

-- --------------------------------------------------------

--
-- Table structure for table `held_eigenschaft`
--

CREATE TABLE `held_eigenschaft` (
  `id` int(11) UNSIGNED ZEROFILL NOT NULL,
  `id_held` int(11) UNSIGNED ZEROFILL NOT NULL,
  `id_eigenschaft` int(11) UNSIGNED ZEROFILL NOT NULL,
  `wert` int(2) NOT NULL,
  `start` int(2) NOT NULL,
  `modifikator` int(2) DEFAULT NULL
) ENGINE=InnoDB DEFAULT CHARSET=utf8 COLLATE=utf8_bin;

--
-- Dumping data for table `held_eigenschaft`
--

INSERT INTO `held_eigenschaft` (`id`, `id_held`, `id_eigenschaft`, `wert`, `start`, `modifikator`) VALUES
(00000000001, 00000000001, 00000000001, 17, 14, NULL),
(00000000002, 00000000001, 00000000002, 18, 14, NULL),
(00000000003, 00000000001, 00000000003, 15, 14, NULL),
(00000000004, 00000000001, 00000000004, 18, 14, 1),
(00000000005, 00000000001, 00000000005, 12, 12, NULL),
(00000000006, 00000000001, 00000000006, 12, 11, NULL),
(00000000007, 00000000001, 00000000007, 10, 10, NULL),
(00000000008, 00000000001, 00000000008, 14, 11, 1),
(00000000009, 00000000001, 00000000009, 8, 8, NULL),
(00000000010, 00000000002, 00000000002, 11, 11, NULL),
(00000000011, 00000000001, 00000000010, 11, 11, NULL);

-- --------------------------------------------------------

--
-- Table structure for table `held_gruppe`
--

CREATE TABLE `held_gruppe` (
  `id` int(11) UNSIGNED ZEROFILL NOT NULL,
  `id_held` int(11) UNSIGNED ZEROFILL NOT NULL,
  `id_gruppe` int(11) UNSIGNED ZEROFILL NOT NULL
) ENGINE=InnoDB DEFAULT CHARSET=utf8 COLLATE=utf8_bin;

--
-- Dumping data for table `held_gruppe`
--

INSERT INTO `held_gruppe` (`id`, `id_held`, `id_gruppe`) VALUES
(00000000001, 00000000001, 00000000001),
(00000000002, 00000000002, 00000000002),
(00000000003, 00000000003, 00000000003),
(00000000004, 00000000002, 00000000001);

-- --------------------------------------------------------

--
-- Table structure for table `held_kampf`
--

CREATE TABLE `held_kampf` (
  `id` int(11) UNSIGNED ZEROFILL NOT NULL,
  `id_held` int(11) UNSIGNED ZEROFILL NOT NULL,
  `id_kampf` int(11) UNSIGNED ZEROFILL NOT NULL,
  `wert` int(2) NOT NULL
) ENGINE=InnoDB DEFAULT CHARSET=utf8 COLLATE=utf8_bin;

--
-- Dumping data for table `held_kampf`
--

INSERT INTO `held_kampf` (`id`, `id_held`, `id_kampf`, `wert`) VALUES
(00000000005, 00000000001, 00000000005, 13),
(00000000006, 00000000001, 00000000006, 8),
(00000000007, 00000000001, 00000000007, 8),
(00000000008, 00000000001, 00000000008, 8);

-- --------------------------------------------------------

--
-- Table structure for table `held_nachteil`
--

CREATE TABLE `held_nachteil` (
  `id` int(11) UNSIGNED ZEROFILL NOT NULL,
  `id_held` int(11) UNSIGNED ZEROFILL NOT NULL,
  `nachteil` varchar(100) COLLATE utf8_bin NOT NULL
) ENGINE=InnoDB DEFAULT CHARSET=utf8 COLLATE=utf8_bin;

--
-- Dumping data for table `held_nachteil`
--

INSERT INTO `held_nachteil` (`id`, `id_held`, `nachteil`) VALUES
(00000000001, 00000000001, 'Neugier 8'),
(00000000003, 00000000001, 'Verpflichtungen (Gegenüber der Akademie, der Gilde und dem Reich)'),
(00000000004, 00000000001, 'Prinzipienteue (Zwölfgötterglaube, Dämonnenvernichtung und Wahrheitsliebe)'),
(00000000005, 00000000001, 'Kurzatmig (-2)'),
(00000000006, 00000000001, 'Niedere Lebenskraft (-3)'),
(00000000007, 00000000001, 'Einbildungen (Verfolgungswahn)');

-- --------------------------------------------------------

--
-- Table structure for table `held_talent`
--

CREATE TABLE `held_talent` (
  `id` int(11) UNSIGNED ZEROFILL NOT NULL,
  `id_held` int(11) UNSIGNED ZEROFILL NOT NULL,
  `id_talent` int(11) UNSIGNED ZEROFILL NOT NULL,
  `wert` int(5) NOT NULL
) ENGINE=InnoDB DEFAULT CHARSET=utf8 COLLATE=utf8_bin;

-- --------------------------------------------------------

--
-- Table structure for table `held_vorteil`
--

CREATE TABLE `held_vorteil` (
  `id` int(11) UNSIGNED ZEROFILL NOT NULL,
  `id_held` int(11) UNSIGNED ZEROFILL NOT NULL,
  `vorteil` varchar(100) COLLATE utf8_bin NOT NULL
) ENGINE=InnoDB DEFAULT CHARSET=utf8 COLLATE=utf8_bin;

--
-- Dumping data for table `held_vorteil`
--

INSERT INTO `held_vorteil` (`id`, `id_held`, `vorteil`) VALUES
(00000000001, 00000000001, 'Begabung für Antimagie'),
(00000000002, 00000000001, 'Begabung für Hellsicht'),
(00000000003, 00000000001, 'Akademische Ausbildung (Magier)'),
(00000000004, 00000000001, 'Vollzauberer'),
(00000000005, 00000000001, 'Astralmacht (+2 +3)');

-- --------------------------------------------------------

--
-- Table structure for table `held_waffe`
--

CREATE TABLE `held_waffe` (
  `id` int(11) UNSIGNED ZEROFILL NOT NULL,
  `held_id` int(11) UNSIGNED ZEROFILL NOT NULL,
  `waffe_id` int(11) UNSIGNED ZEROFILL NOT NULL,
  `name` varchar(50) COLLATE utf8_bin DEFAULT NULL,
  `TP` varchar(7) COLLATE utf8_bin DEFAULT NULL,
  `TP_KK` varchar(5) COLLATE utf8_bin DEFAULT NULL,
  `BF` int(2) DEFAULT NULL,
  `BF_aktuell` int(2) DEFAULT NULL,
  `INI` int(1) DEFAULT NULL,
  `WM` varchar(5) COLLATE utf8_bin DEFAULT NULL
) ENGINE=InnoDB DEFAULT CHARSET=utf8 COLLATE=utf8_bin;

--
-- Dumping data for table `held_waffe`
--

INSERT INTO `held_waffe` (`id`, `held_id`, `waffe_id`, `name`, `TP`, `TP_KK`, `BF`, `BF_aktuell`, `INI`, `WM`) VALUES
(00000000001, 00000000001, 00000000003, 'Bannschwert', '1W6+4', NULL, NULL, NULL, NULL, '0/0');

-- --------------------------------------------------------

--
-- Table structure for table `held_zauber`
--

CREATE TABLE `held_zauber` (
  `id` int(11) UNSIGNED ZEROFILL NOT NULL,
  `id_held` int(11) UNSIGNED ZEROFILL NOT NULL,
  `id_zauber` int(11) UNSIGNED ZEROFILL NOT NULL,
  `wert` int(5) NOT NULL,
  `hauszauber` int(1) DEFAULT NULL
) ENGINE=InnoDB DEFAULT CHARSET=utf8 COLLATE=utf8_bin;

-- --------------------------------------------------------

--
-- Table structure for table `kampf`
--

CREATE TABLE `kampf` (
  `id` int(11) UNSIGNED ZEROFILL NOT NULL,
  `name` varchar(20) COLLATE utf8_bin NOT NULL,
  `short_name` varchar(3) COLLATE utf8_bin NOT NULL,
  `wert_def` varchar(20) COLLATE utf8_bin NOT NULL
) ENGINE=InnoDB DEFAULT CHARSET=utf8 COLLATE=utf8_bin;

--
-- Dumping data for table `kampf`
--

INSERT INTO `kampf` (`id`, `name`, `short_name`, `wert_def`) VALUES
(00000000005, 'Initative', 'INI', '(MU+MU+IN+GE)/5'),
(00000000006, 'Attacke', 'AT', '(MU+GE+KK)/5'),
(00000000007, 'Parade', 'PA', '(IN+GE+KK)/5'),
(00000000008, 'Fernkampf', 'FK', '(IN+FF+KK)/5');

-- --------------------------------------------------------

--
-- Table structure for table `ls`
--

CREATE TABLE `ls` (
  `id` int(11) UNSIGNED ZEROFILL NOT NULL,
  `name` varchar(1) COLLATE utf8_bin NOT NULL,
  `AF` float NOT NULL COMMENT 'Aktivierungsfaktor',
  `number` int(1) NOT NULL
) ENGINE=InnoDB DEFAULT CHARSET=utf8 COLLATE=utf8_bin COMMENT='Lernschwierigkeit, Komplexität';

--
-- Dumping data for table `ls`
--

INSERT INTO `ls` (`id`, `name`, `AF`, `number`) VALUES
(00000000001, 'A', 1, 1),
(00000000002, 'B', 2, 2),
(00000000003, 'C', 3, 3),
(00000000004, 'D', 4, 4),
(00000000005, 'E', 5, 5),
(00000000006, 'F', 7.5, 6),
(00000000007, 'G', 10, 7),
(00000000008, 'H', 20, 8);

-- --------------------------------------------------------

--
-- Table structure for table `merkmal`
--

CREATE TABLE `merkmal` (
  `id` int(11) UNSIGNED ZEROFILL NOT NULL,
  `name` varchar(50) CHARACTER SET utf8 NOT NULL,
  `stufe` int(1) DEFAULT NULL
) ENGINE=InnoDB DEFAULT CHARSET=utf8 COLLATE=utf8_bin;

--
-- Dumping data for table `merkmal`
--

INSERT INTO `merkmal` (`id`, `name`, `stufe`) VALUES
(00000000001, 'Antimagie', 2),
(00000000002, 'Beschwörung', 2),
(00000000003, 'Dämonisch', 3),
(00000000004, 'Dämonisch (Agrimoth / Widharcal)', 1),
(00000000005, 'Dämonisch (Amazeroth / Iribaar)', 1),
(00000000006, 'Dämonisch (Asfaloth / Calijnaar)', 1),
(00000000007, 'Dämonisch (Belhalhar / Xarfai)', 1),
(00000000008, 'Dämonisch (Blakharaz / Tyakra\'man)', 1),
(00000000009, 'Dämonisch (Lolgramoth / Thezzaphai)', 1),
(00000000010, 'Dämonisch (Belzhorash / Mishkara)', 1),
(00000000011, 'Dämonisch (Thargunitoth / Tijakool)', 1),
(00000000012, 'Eigenschaften', 2),
(00000000013, 'Einfluss', 2),
(00000000014, 'Elementar', 3),
(00000000015, 'Elementar (Eis)', 1),
(00000000016, 'Elementar (Erz)', 1),
(00000000017, 'Elementar (Feuer)', 1),
(00000000018, 'Elementar (Humus)', 1),
(00000000019, 'Elementar (Luft)', 1),
(00000000020, 'Elementar (Wasser)', 1),
(00000000021, 'Form', 2),
(00000000022, 'Geisterwesen', 1),
(00000000023, 'Heilung', 1),
(00000000024, 'Hellsicht', 2),
(00000000025, 'Herbeirufung', 1),
(00000000026, 'Herrschaft', 2),
(00000000027, 'Illusion', 1),
(00000000028, 'Kraft', 2),
(00000000029, 'Limbus', 3),
(00000000030, 'Metamagie', 3),
(00000000031, 'Objekt', 2),
(00000000032, 'Schaden', 1),
(00000000033, 'Telekinese', 1),
(00000000034, 'Temporal', 3),
(00000000035, 'Umwelt', 2),
(00000000036, 'Verständigung', 1);

-- --------------------------------------------------------

--
-- Table structure for table `spomo`
--

CREATE TABLE `spomo` (
  `id` int(11) UNSIGNED ZEROFILL NOT NULL,
  `name` varchar(50) CHARACTER SET utf8 NOT NULL,
  `kosten` varchar(30) CHARACTER SET utf8 NOT NULL,
  `mod` varchar(30) CHARACTER SET utf8 NOT NULL,
  `zauberdauer` varchar(30) CHARACTER SET utf8 NOT NULL,
  `beschreibung` mediumtext CHARACTER SET utf8,
  `id_spomoKurz` int(11) UNSIGNED ZEROFILL NOT NULL
) ENGINE=InnoDB DEFAULT CHARSET=utf8 COLLATE=utf8_bin;

--
-- Dumping data for table `spomo`
--

INSERT INTO `spomo` (`id`, `name`, `kosten`, `mod`, `zauberdauer`, `beschreibung`, `id_spomoKurz`) VALUES
(00000000001, 'Veränderte Technik', '7 ZfP / Komponente', '0', '+3 Aktionen', '', 00000000001),
(00000000002, 'Veränderte Technik, zentral', '12 ZfP / Komponente', '0', '+3 Aktionen', '', 00000000001),
(00000000003, 'Halbierte Zauberdauer', '5 ZfP / Halbierung', '0', '-50%', NULL, 00000000002),
(00000000004, 'Verdoppelte Zauberdauer', '0', '-3', '+100%', NULL, 00000000002),
(00000000005, 'Erzwingen', '0', 'je -1 pro 1/2/4/8 ... AsP', '+1 Aktion / Erleichterung', NULL, 00000000003),
(00000000006, 'Kosten einsparen', '3 ZfP / -10% AsP', '-', '+1 Aktion / -10% AsP', NULL, 00000000004),
(00000000007, 'Unfreiwillig statt freiwilliges Zielobjekt', '5 ZfP', '+MR', '+1 Aktion', NULL, 00000000006),
(00000000008, 'Freiwillig statt unfreiwillig', '2 ZfP', '- 50% MR', '+1 Aktion', NULL, 00000000007),
(00000000009, 'Mehrere Gefährten verzaubern (freiwillig)', '3 ZfP', '+1 / Person', '+1 Aktion', NULL, 00000000008),
(00000000010, 'Mehrere Gegner verzaubern (unfreiwillig)', '0', '+MR_MAX + Anzahl', '+1 Aktion', NULL, 00000000008),
(00000000011, 'Vergrösserung von Reichweite oder Wirkungsradius', '5 ZfP / Stufe', '0', '+1 Aktion / Stufe', NULL, 00000000009),
(00000000012, 'Verkleinerung von Reichweite oder Wirkungsradius', '3 ZfP / Stufe', '0', '+1 Aktion / Stufe', NULL, 00000000009),
(00000000013, 'Verdoppelung der Wirkungsdauer', '7 ZfP / Verdoppelung', '0', '+1 Aktion / Verdoppelung', NULL, 00000000010),
(00000000014, 'Halbierung der Wirkungsdauer', '3 ZfP / Halbierung', '0', '+1 Aktion / Halbierung', NULL, 00000000010),
(00000000015, 'Änderung von Aufrechterhalten auf feste Dauer', '7 ZfP', '0', '+1 Aktion', NULL, 00000000010);

-- --------------------------------------------------------

--
-- Table structure for table `spomoKurz`
--

CREATE TABLE `spomoKurz` (
  `id` int(11) UNSIGNED ZEROFILL NOT NULL,
  `name` varchar(30) CHARACTER SET utf8 NOT NULL
) ENGINE=InnoDB DEFAULT CHARSET=utf8 COLLATE=utf8_bin;

--
-- Dumping data for table `spomoKurz`
--

INSERT INTO `spomoKurz` (`id`, `name`) VALUES
(00000000001, 'Technik'),
(00000000002, 'Zauberdauer'),
(00000000003, 'Erzwingen'),
(00000000004, 'Kosten'),
(00000000005, 'Zielobjekt'),
(00000000006, 'Zielobjekt (freiwillig)'),
(00000000007, 'Zielobjekt (unfreiwillig)'),
(00000000008, 'Zielobjekt (mehrere)'),
(00000000009, 'Reichweite'),
(00000000010, 'Wirkungsdauer'),
(00000000011, 'Reichweite (Berührung)'),
(00000000012, 'Reichweite (selbst)');

-- --------------------------------------------------------

--
-- Table structure for table `talent`
--

CREATE TABLE `talent` (
  `id` int(11) UNSIGNED ZEROFILL NOT NULL,
  `name` varchar(50) COLLATE utf8_bin NOT NULL,
  `id_eigenschaft1` int(11) UNSIGNED ZEROFILL DEFAULT NULL,
  `id_eigenschaft2` int(11) UNSIGNED ZEROFILL DEFAULT NULL,
  `id_eigenschaft3` int(11) UNSIGNED ZEROFILL DEFAULT NULL,
  `id_eigenschaft3_alt` int(11) UNSIGNED ZEROFILL DEFAULT NULL COMMENT 'alternative for eigenschaft3',
  `eBE` int(1) DEFAULT NULL,
  `id_ls` int(11) UNSIGNED ZEROFILL NOT NULL,
  `basis` tinyint(1) DEFAULT NULL,
  `id_talentgruppe` int(11) UNSIGNED ZEROFILL NOT NULL
) ENGINE=InnoDB DEFAULT CHARSET=utf8 COLLATE=utf8_bin;

--
-- Dumping data for table `talent`
--

INSERT INTO `talent` (`id`, `name`, `id_eigenschaft1`, `id_eigenschaft2`, `id_eigenschaft3`, `id_eigenschaft3_alt`, `eBE`, `id_ls`, `basis`, `id_talentgruppe`) VALUES
(00000000055, 'Anderthalbhänder', 00000000006, 00000000006, 00000000007, NULL, -2, 00000000005, NULL, 00000000009),
(00000000056, 'Armbrust', 00000000006, 00000000005, 00000000007, NULL, -5, 00000000003, NULL, 00000000010),
(00000000057, 'Belagerungswaffen', 00000000006, 00000000005, 00000000007, NULL, NULL, 00000000004, NULL, 00000000010),
(00000000058, 'Blasrohr', 00000000006, 00000000005, 00000000007, NULL, -5, 00000000004, NULL, 00000000010),
(00000000059, 'Bogen', 00000000006, 00000000005, 00000000007, NULL, -3, 00000000005, NULL, 00000000010),
(00000000060, 'Diskus', 00000000006, 00000000005, 00000000007, NULL, -2, 00000000004, NULL, 00000000010),
(00000000061, 'Dolche', 00000000006, 00000000006, 00000000007, NULL, -1, 00000000004, 1, 00000000009),
(00000000062, 'Fechtwaffen', 00000000006, 00000000006, 00000000007, NULL, -1, 00000000005, NULL, 00000000009),
(00000000063, 'Hiebwaffen', 00000000006, 00000000006, 00000000007, NULL, -4, 00000000004, 1, 00000000009),
(00000000064, 'Infanteriewaffen', 00000000006, 00000000006, 00000000007, NULL, -3, 00000000004, NULL, 00000000009),
(00000000065, 'Kettenstäbe', 00000000006, 00000000006, 00000000007, NULL, -1, 00000000005, NULL, 00000000009),
(00000000066, 'Kettenwaffen', 00000000006, 00000000006, 00000000007, NULL, -3, 00000000004, NULL, 00000000009),
(00000000067, 'Lanzenreiten', 00000000006, 00000000006, 00000000007, NULL, NULL, 00000000005, NULL, 00000000031),
(00000000068, 'Peitsche', 00000000006, 00000000006, 00000000007, NULL, -1, 00000000005, NULL, 00000000031),
(00000000069, 'Raufen', 00000000006, 00000000006, 00000000007, NULL, 0, 00000000003, 1, 00000000032),
(00000000070, 'Ringen', 00000000006, 00000000006, 00000000007, NULL, 0, 00000000004, 1, 00000000032),
(00000000071, 'Säbel', 00000000006, 00000000006, 00000000007, NULL, -2, 00000000004, 1, 00000000009),
(00000000072, 'Schleuder', 00000000006, 00000000005, 00000000007, NULL, -2, 00000000005, NULL, 00000000010),
(00000000073, 'Schwerter', 00000000006, 00000000006, 00000000007, NULL, -2, 00000000005, NULL, 00000000009),
(00000000074, 'Speere', 00000000006, 00000000006, 00000000007, NULL, -3, 00000000004, NULL, 00000000009),
(00000000075, 'Stäbe', 00000000006, 00000000006, 00000000007, NULL, -2, 00000000004, NULL, 00000000009),
(00000000076, 'Wurfbeile', 00000000006, 00000000005, 00000000007, NULL, -2, 00000000004, NULL, 00000000010),
(00000000077, 'Wurfmesser', 00000000006, 00000000005, 00000000007, NULL, -3, 00000000003, 1, 00000000010),
(00000000078, 'Wurfspeere', 00000000006, 00000000005, 00000000007, NULL, -2, 00000000003, NULL, 00000000010),
(00000000079, 'Zweihandflegel', 00000000006, 00000000006, 00000000007, NULL, -3, 00000000004, NULL, 00000000009),
(00000000080, 'Zweihand-Hiebwaffen', 00000000006, 00000000006, 00000000007, NULL, -3, 00000000004, NULL, 00000000009),
(00000000081, 'Zweihandschwerter/-säbel', 00000000006, 00000000006, 00000000007, NULL, -2, 00000000005, NULL, 00000000009),
(00000000082, 'Akrobatik', 00000000001, 00000000006, 00000000007, NULL, 2, 00000000004, NULL, 00000000001),
(00000000083, 'Athletik', 00000000006, 00000000008, 00000000007, 00000000008, 2, 00000000004, 1, 00000000001),
(00000000084, 'Fliegen', 00000000001, 00000000004, 00000000006, NULL, 0, 00000000004, NULL, 00000000001),
(00000000085, 'Gaukeleien', 00000000001, 00000000003, 00000000005, 00000000008, 2, 00000000004, NULL, 00000000001),
(00000000086, 'Klettern', 00000000001, 00000000006, 00000000007, 00000000008, 2, 00000000004, 1, 00000000001),
(00000000087, 'Körperbeherrschung', 00000000001, 00000000004, 00000000006, NULL, 2, 00000000004, 1, 00000000001),
(00000000088, 'Reiten', 00000000003, 00000000006, 00000000007, NULL, NULL, 00000000004, -2, 00000000001),
(00000000089, 'Schleichen', 00000000001, 00000000004, 00000000006, NULL, 0, 00000000004, 1, 00000000001),
(00000000090, 'Schwimmen', 00000000006, 00000000008, 00000000007, NULL, 2, 00000000004, 1, 00000000001),
(00000000091, 'Selbstbeherrschung', 00000000001, 00000000008, 00000000007, 00000000002, NULL, 00000000004, 1, 00000000001),
(00000000092, 'Sich Verstecken', 00000000001, 00000000004, 00000000006, NULL, -2, 00000000004, 1, 00000000001),
(00000000093, 'Singen', 00000000004, 00000000003, 00000000003, 00000000008, -3, 00000000004, 1, 00000000001),
(00000000094, 'Sinnenschärfe', 00000000002, 00000000004, 00000000004, 00000000005, NULL, 00000000004, 1, 00000000001),
(00000000095, 'Skifahren', 00000000006, 00000000006, 00000000008, NULL, -2, 00000000004, NULL, 00000000001),
(00000000096, 'Stimmen Imitieren', 00000000002, 00000000004, 00000000003, NULL, -4, 00000000004, NULL, 00000000001),
(00000000097, 'Tanzen', 00000000003, 00000000006, 00000000006, NULL, 2, 00000000004, 1, 00000000001),
(00000000098, 'Taschendiebstahl', 00000000001, 00000000004, 00000000005, NULL, 2, 00000000004, NULL, 00000000001),
(00000000099, 'Zechen', 00000000004, 00000000008, 00000000007, NULL, NULL, 00000000004, 1, 00000000001),
(00000000100, 'Betören', 00000000004, 00000000003, 00000000003, NULL, -2, 00000000002, NULL, 00000000002),
(00000000101, 'Etikette', 00000000002, 00000000004, 00000000003, NULL, -2, 00000000002, NULL, 00000000002),
(00000000102, 'Gassenwissen', 00000000002, 00000000004, 00000000003, NULL, -4, 00000000002, NULL, 00000000002),
(00000000103, 'Lehren', 00000000002, 00000000004, 00000000003, NULL, NULL, 00000000002, NULL, 00000000002),
(00000000104, 'Menschenkenntnis', 00000000002, 00000000004, 00000000003, NULL, NULL, 00000000002, 1, 00000000002),
(00000000105, 'Schauspielerei', 00000000001, 00000000002, 00000000003, NULL, NULL, 00000000002, NULL, 00000000002),
(00000000106, 'Schriftlicher Ausdruck', 00000000002, 00000000004, 00000000004, NULL, NULL, 00000000002, NULL, 00000000002),
(00000000107, 'Sich Verkleiden', 00000000001, 00000000003, 00000000006, NULL, NULL, 00000000002, NULL, 00000000002),
(00000000108, 'Überreden', 00000000001, 00000000004, 00000000003, NULL, NULL, 00000000002, 1, 00000000002),
(00000000109, 'Überzeugen', 00000000002, 00000000004, 00000000003, NULL, NULL, 00000000002, NULL, 00000000002),
(00000000110, 'Fährtensuchen', 00000000002, 00000000004, 00000000008, 00000000004, NULL, 00000000002, 1, 00000000004),
(00000000111, 'Fallenstellen', 00000000002, 00000000005, 00000000007, NULL, NULL, 00000000002, NULL, 00000000004),
(00000000112, 'Fesseln/Entfesseln', 00000000005, 00000000006, 00000000007, NULL, NULL, 00000000002, NULL, 00000000004),
(00000000113, 'Fischen/Angeln', 00000000004, 00000000005, 00000000007, 00000000002, NULL, 00000000002, NULL, 00000000004),
(00000000114, 'Orientierung', 00000000002, 00000000004, 00000000004, NULL, NULL, 00000000002, 1, 00000000004),
(00000000115, 'Wettervorhersage', 00000000002, 00000000004, 00000000004, NULL, NULL, 00000000002, NULL, 00000000004),
(00000000116, 'Wildnisleben', 00000000004, 00000000006, 00000000008, NULL, NULL, 00000000002, 1, 00000000004),
(00000000117, 'Anatomie', 00000000001, 00000000002, 00000000005, NULL, NULL, 00000000002, NULL, 00000000005),
(00000000118, 'Baukunst', 00000000002, 00000000002, 00000000005, NULL, NULL, 00000000002, NULL, 00000000005),
(00000000119, 'Brettspiel', 00000000002, 00000000002, 00000000004, NULL, NULL, 00000000002, NULL, 00000000005),
(00000000120, 'Geografie', 00000000002, 00000000002, 00000000004, NULL, NULL, 00000000002, NULL, 00000000005),
(00000000121, 'Geschichtswissen', 00000000002, 00000000002, 00000000004, NULL, NULL, 00000000002, NULL, 00000000005),
(00000000122, 'Gesteinskunde', 00000000002, 00000000004, 00000000005, NULL, NULL, 00000000002, NULL, 00000000005),
(00000000123, 'Götter/Kulte', 00000000002, 00000000002, 00000000004, NULL, NULL, 00000000002, 1, 00000000005),
(00000000124, 'Heraldik', 00000000002, 00000000002, 00000000005, NULL, NULL, 00000000002, NULL, 00000000005),
(00000000125, 'Hüttenkunde', 00000000002, 00000000004, 00000000008, NULL, NULL, 00000000002, NULL, 00000000005),
(00000000126, 'Kriegskunst', 00000000001, 00000000002, 00000000003, NULL, NULL, 00000000002, NULL, 00000000005),
(00000000127, 'Kryptographie', 00000000002, 00000000002, 00000000004, NULL, NULL, 00000000002, NULL, 00000000005),
(00000000128, 'Magiekunde', 00000000002, 00000000002, 00000000004, NULL, NULL, 00000000002, NULL, 00000000005),
(00000000129, 'Mechanik', 00000000002, 00000000002, 00000000005, NULL, NULL, 00000000002, NULL, 00000000005),
(00000000130, 'Pflanzenkunde', 00000000002, 00000000004, 00000000005, NULL, NULL, 00000000002, NULL, 00000000005),
(00000000131, 'Philosophie', 00000000002, 00000000002, 00000000004, NULL, NULL, 00000000002, NULL, 00000000005),
(00000000132, 'Rechnen', 00000000002, 00000000002, 00000000004, NULL, NULL, 00000000002, 1, 00000000005),
(00000000133, 'Rechtskunde', 00000000002, 00000000002, 00000000004, NULL, NULL, 00000000002, NULL, 00000000005),
(00000000134, 'Sagen/Legenden', 00000000002, 00000000004, 00000000003, NULL, NULL, 00000000002, 1, 00000000005),
(00000000135, 'Schätzen', 00000000002, 00000000004, 00000000004, NULL, NULL, 00000000002, NULL, 00000000005),
(00000000136, 'Sprachenkunde', 00000000002, 00000000002, 00000000004, NULL, NULL, 00000000002, NULL, 00000000005),
(00000000137, 'Staatskunst', 00000000002, 00000000004, 00000000003, NULL, NULL, 00000000002, NULL, 00000000005),
(00000000138, 'Sternkunde', 00000000002, 00000000002, 00000000004, NULL, NULL, 00000000002, NULL, 00000000005),
(00000000139, 'Tierkunde', 00000000001, 00000000002, 00000000004, NULL, NULL, 00000000002, NULL, 00000000005),
(00000000140, 'Alaani', 00000000002, 00000000004, 00000000003, NULL, NULL, 00000000001, NULL, 00000000013),
(00000000141, 'Aureliani', 00000000002, 00000000004, 00000000003, NULL, NULL, 00000000001, NULL, 00000000007),
(00000000142, 'Altes Kemi', 00000000002, 00000000004, 00000000003, NULL, NULL, 00000000001, NULL, 00000000013),
(00000000143, 'Angram', 00000000002, 00000000004, 00000000003, NULL, NULL, 00000000001, NULL, 00000000018),
(00000000144, 'Asdharia', 00000000002, 00000000004, 00000000003, NULL, NULL, 00000000002, NULL, 00000000017),
(00000000145, 'Atak', 00000000002, 00000000004, 00000000003, NULL, NULL, 00000000001, NULL, 00000000028),
(00000000146, 'Bosparano', 00000000002, 00000000004, 00000000003, NULL, NULL, 00000000001, NULL, 00000000007),
(00000000147, 'Drachisch', 00000000002, 00000000004, 00000000003, NULL, NULL, 00000000001, NULL, 00000000029),
(00000000148, 'Ferkina', 00000000002, 00000000004, 00000000003, NULL, NULL, 00000000001, NULL, 00000000013),
(00000000149, 'Füchsisch', 00000000002, 00000000004, 00000000003, NULL, NULL, 00000000001, NULL, 00000000028),
(00000000150, 'Garethi', 00000000002, 00000000004, 00000000003, NULL, NULL, 00000000001, NULL, 00000000007),
(00000000151, 'Goblinisch', 00000000002, 00000000004, 00000000003, NULL, NULL, 00000000001, NULL, 00000000030),
(00000000152, 'Grolmisch', 00000000002, 00000000004, 00000000003, NULL, NULL, 00000000001, NULL, 00000000025),
(00000000153, 'Hjaldingsch', 00000000002, 00000000004, 00000000003, NULL, NULL, 00000000001, NULL, 00000000016),
(00000000154, 'Isdira', 00000000002, 00000000004, 00000000003, NULL, NULL, 00000000001, NULL, 00000000017),
(00000000155, 'Koboldisch', 00000000002, 00000000004, 00000000003, NULL, NULL, 00000000001, NULL, 00000000029),
(00000000156, 'Mahrisch', 00000000002, 00000000004, 00000000003, NULL, NULL, 00000000001, NULL, 00000000022),
(00000000157, 'Mohisch', 00000000002, 00000000004, 00000000003, NULL, NULL, 00000000001, NULL, 00000000015),
(00000000158, 'Molochisch', 00000000002, 00000000004, 00000000003, NULL, NULL, 00000000001, NULL, 00000000023),
(00000000159, 'Neckergesang', 00000000002, 00000000004, 00000000003, NULL, NULL, 00000000001, NULL, 00000000024),
(00000000160, 'Nujuka', 00000000002, 00000000004, 00000000003, NULL, NULL, 00000000001, NULL, 00000000014),
(00000000161, 'Oloarkh', 00000000002, 00000000004, 00000000003, NULL, NULL, 00000000001, NULL, 00000000019),
(00000000162, 'Ologhaijan', 00000000002, 00000000004, 00000000003, NULL, NULL, 00000000001, NULL, 00000000019),
(00000000163, 'Rabensprache', 00000000002, 00000000004, 00000000003, NULL, NULL, 00000000001, NULL, 00000000013),
(00000000164, 'Rissoal', 00000000002, 00000000004, 00000000003, NULL, NULL, 00000000001, NULL, 00000000022),
(00000000165, 'Rogolan', 00000000002, 00000000004, 00000000003, NULL, NULL, 00000000001, NULL, 00000000018),
(00000000166, 'Rssahh', 00000000002, 00000000004, 00000000003, NULL, NULL, 00000000001, NULL, 00000000021),
(00000000167, 'Ruuz', 00000000002, 00000000004, 00000000003, NULL, NULL, 00000000001, NULL, 00000000013),
(00000000168, 'Thorwalsch', 00000000002, 00000000004, 00000000003, NULL, NULL, 00000000001, NULL, 00000000016),
(00000000169, 'Trollisch', 00000000002, 00000000004, 00000000003, NULL, NULL, 00000000002, NULL, 00000000020),
(00000000170, 'Tulamidya', 00000000002, 00000000004, 00000000003, NULL, NULL, 00000000001, NULL, 00000000013),
(00000000171, 'Urtulamidya', 00000000002, 00000000004, 00000000003, NULL, NULL, 00000000001, NULL, 00000000013),
(00000000172, 'Z\'Lit', 00000000002, 00000000004, 00000000003, NULL, NULL, 00000000001, NULL, 00000000026),
(00000000173, 'Zelemja', 00000000002, 00000000004, 00000000003, NULL, NULL, 00000000001, NULL, 00000000013),
(00000000174, 'Zhayad', 00000000002, 00000000004, 00000000003, NULL, NULL, 00000000001, NULL, 00000000027),
(00000000175, 'Zhulchammaqra', 00000000002, 00000000004, 00000000003, NULL, NULL, 00000000001, NULL, 00000000013),
(00000000176, 'Zyklopäisch', 00000000002, 00000000004, 00000000003, NULL, NULL, 00000000001, NULL, 00000000007),
(00000000177, 'Imperiale Zeichen', 00000000002, 00000000002, 00000000005, NULL, NULL, 00000000001, NULL, 00000000008),
(00000000178, 'Altes Alaani', 00000000002, 00000000002, 00000000005, NULL, NULL, 00000000001, NULL, 00000000008),
(00000000179, 'Altes Amulashtra', 00000000002, 00000000002, 00000000005, NULL, NULL, 00000000001, NULL, 00000000008),
(00000000180, 'Altes Kemi', 00000000002, 00000000002, 00000000005, NULL, NULL, 00000000001, NULL, 00000000008),
(00000000181, 'Amulashtra', 00000000002, 00000000002, 00000000005, NULL, NULL, 00000000001, NULL, 00000000008),
(00000000182, 'Angram', 00000000002, 00000000002, 00000000005, NULL, NULL, 00000000001, NULL, 00000000008),
(00000000183, 'Arkanil', 00000000002, 00000000002, 00000000005, NULL, NULL, 00000000003, NULL, 00000000008),
(00000000184, 'Chrmk', 00000000002, 00000000002, 00000000005, NULL, NULL, 00000000001, NULL, 00000000008),
(00000000185, 'Chuchas', 00000000002, 00000000002, 00000000005, NULL, NULL, 00000000002, NULL, 00000000008),
(00000000186, 'Drakhard-Zinken', 00000000002, 00000000002, 00000000005, NULL, NULL, 00000000001, NULL, 00000000008),
(00000000187, 'Drakned-Glyphen', 00000000002, 00000000002, 00000000005, NULL, NULL, 00000000002, NULL, 00000000008),
(00000000188, 'Geheiligte Glyphen von Unau', 00000000002, 00000000002, 00000000005, NULL, NULL, 00000000001, NULL, 00000000008),
(00000000189, 'Gimaril', 00000000002, 00000000002, 00000000005, NULL, NULL, 00000000001, NULL, 00000000008),
(00000000190, 'Gjalskisch', 00000000002, 00000000002, 00000000005, NULL, NULL, 00000000001, NULL, 00000000008),
(00000000191, 'Hjaldingsche Runen', 00000000002, 00000000002, 00000000005, NULL, NULL, 00000000001, NULL, 00000000008),
(00000000192, 'Isdira/Asdharia', 00000000002, 00000000002, 00000000005, NULL, NULL, 00000000001, NULL, 00000000008),
(00000000193, 'Kusliker Zeichen', 00000000002, 00000000002, 00000000005, NULL, NULL, 00000000001, NULL, 00000000008),
(00000000194, 'Mahrische Glyphen', 00000000002, 00000000002, 00000000005, NULL, NULL, 00000000002, NULL, 00000000008),
(00000000195, 'Nanduria', 00000000002, 00000000002, 00000000005, NULL, NULL, 00000000001, NULL, 00000000008),
(00000000196, 'Rogolan', 00000000002, 00000000002, 00000000005, NULL, NULL, 00000000001, NULL, 00000000008),
(00000000197, 'Trollische Raumbilderschrift', 00000000002, 00000000002, 00000000005, NULL, NULL, 00000000003, NULL, 00000000008),
(00000000198, 'Tulamidya', 00000000002, 00000000002, 00000000005, NULL, NULL, 00000000001, NULL, 00000000008),
(00000000199, 'Ur-Tulamidya', 00000000002, 00000000002, 00000000005, NULL, NULL, 00000000001, NULL, 00000000008),
(00000000200, 'Zhayad', 00000000002, 00000000002, 00000000005, NULL, NULL, 00000000001, NULL, 00000000008),
(00000000201, 'Abrichten', 00000000001, 00000000004, 00000000003, NULL, NULL, 00000000002, NULL, 00000000003),
(00000000202, 'Ackerbau', 00000000004, 00000000005, 00000000008, NULL, NULL, 00000000002, NULL, 00000000003),
(00000000203, 'Alchimie', 00000000001, 00000000002, 00000000005, NULL, NULL, 00000000002, NULL, 00000000003),
(00000000204, 'Bergbau', 00000000004, 00000000008, 00000000007, NULL, NULL, 00000000002, NULL, 00000000003),
(00000000205, 'Bogenbau', 00000000002, 00000000004, 00000000005, NULL, NULL, 00000000002, NULL, 00000000003),
(00000000206, 'Boote Fahren', 00000000006, 00000000008, 00000000007, NULL, NULL, 00000000002, NULL, 00000000003),
(00000000207, 'Brauer', 00000000002, 00000000005, 00000000007, NULL, NULL, 00000000002, NULL, 00000000003),
(00000000208, 'Drucker', 00000000002, 00000000005, 00000000007, NULL, NULL, 00000000002, NULL, 00000000003),
(00000000209, 'Fahrzeug Lenken', 00000000004, 00000000003, 00000000005, NULL, NULL, 00000000002, NULL, 00000000003),
(00000000210, 'Falschspiel', 00000000001, 00000000003, 00000000005, NULL, NULL, 00000000002, NULL, 00000000003),
(00000000211, 'Feinmechanik', 00000000002, 00000000005, 00000000005, NULL, NULL, 00000000002, NULL, 00000000003),
(00000000212, 'Feuersteinbearbeitung', 00000000002, 00000000005, 00000000005, NULL, NULL, 00000000002, NULL, 00000000003),
(00000000213, 'Fleischer', 00000000002, 00000000005, 00000000007, NULL, NULL, 00000000002, NULL, 00000000003),
(00000000214, 'Gerber/Kürschner', 00000000002, 00000000005, 00000000008, NULL, NULL, 00000000002, NULL, 00000000003),
(00000000215, 'Glaskunst', 00000000005, 00000000005, 00000000008, NULL, NULL, 00000000002, NULL, 00000000003),
(00000000216, 'Grobschmied', 00000000005, 00000000008, 00000000007, NULL, NULL, 00000000002, NULL, 00000000003),
(00000000217, 'Handel', 00000000002, 00000000004, 00000000003, NULL, NULL, 00000000002, NULL, 00000000003),
(00000000218, 'Hauswirtschaft', 00000000004, 00000000003, 00000000005, NULL, NULL, 00000000002, NULL, 00000000003),
(00000000219, 'Heilkunde Gift', 00000000001, 00000000002, 00000000004, NULL, NULL, 00000000002, NULL, 00000000003),
(00000000220, 'Heilkunde Krankheiten', 00000000001, 00000000002, 00000000003, NULL, NULL, 00000000002, NULL, 00000000003),
(00000000221, 'Heilkunde Seele', 00000000004, 00000000003, 00000000003, NULL, NULL, 00000000002, NULL, 00000000003),
(00000000222, 'Heilkunde Wunden', 00000000002, 00000000003, 00000000005, NULL, NULL, 00000000002, 1, 00000000003),
(00000000223, 'Holzbearbeitung', 00000000002, 00000000005, 00000000007, NULL, NULL, 00000000002, 1, 00000000003),
(00000000224, 'Instrumentenbauer', 00000000002, 00000000004, 00000000005, NULL, NULL, 00000000002, NULL, 00000000003),
(00000000225, 'Kartografie', 00000000002, 00000000002, 00000000005, NULL, NULL, 00000000002, NULL, 00000000003),
(00000000226, 'Kochen', 00000000002, 00000000004, 00000000005, NULL, NULL, 00000000002, 1, 00000000003),
(00000000227, 'Kristallzucht', 00000000002, 00000000004, 00000000005, NULL, NULL, 00000000002, NULL, 00000000003),
(00000000228, 'Lederarbeiten', 00000000002, 00000000005, 00000000005, NULL, NULL, 00000000002, NULL, 00000000003),
(00000000229, 'Malen/Zeichnen', 00000000002, 00000000004, 00000000005, NULL, NULL, 00000000002, 1, 00000000003),
(00000000230, 'Maurer', 00000000005, 00000000006, 00000000007, NULL, NULL, 00000000002, NULL, 00000000003),
(00000000231, 'Metallguss', 00000000002, 00000000005, 00000000007, NULL, NULL, 00000000002, NULL, 00000000003),
(00000000232, 'Musizieren', 00000000004, 00000000003, 00000000005, NULL, NULL, 00000000002, NULL, 00000000003),
(00000000233, 'Schlösser Knacken', 00000000004, 00000000005, 00000000005, NULL, NULL, 00000000002, NULL, 00000000003),
(00000000234, 'Schnaps Brennen', 00000000002, 00000000004, 00000000005, NULL, NULL, 00000000002, NULL, 00000000003),
(00000000235, 'Schneidern', 00000000002, 00000000005, 00000000005, NULL, NULL, 00000000002, 1, 00000000003),
(00000000236, 'Seefahrt', 00000000005, 00000000006, 00000000007, NULL, NULL, 00000000002, NULL, 00000000003),
(00000000237, 'Seiler', 00000000005, 00000000005, 00000000007, NULL, NULL, 00000000002, NULL, 00000000003),
(00000000238, 'Steinmetz', 00000000005, 00000000005, 00000000007, NULL, NULL, 00000000002, NULL, 00000000003),
(00000000239, 'Steinschneider/Juwelier', 00000000004, 00000000005, 00000000005, NULL, NULL, 00000000002, NULL, 00000000003),
(00000000240, 'Stellmacher', 00000000002, 00000000005, 00000000007, NULL, NULL, 00000000002, NULL, 00000000003),
(00000000241, 'Stoffe Färben', 00000000002, 00000000005, 00000000007, NULL, NULL, 00000000002, NULL, 00000000003),
(00000000242, 'Tätowieren', 00000000004, 00000000005, 00000000005, NULL, NULL, 00000000002, NULL, 00000000003),
(00000000243, 'Töpfern', 00000000002, 00000000005, 00000000005, NULL, NULL, 00000000002, NULL, 00000000003),
(00000000244, 'Viehzucht', 00000000002, 00000000004, 00000000007, NULL, NULL, 00000000002, NULL, 00000000003),
(00000000245, 'Webkunst', 00000000005, 00000000005, 00000000007, NULL, NULL, 00000000002, NULL, 00000000003),
(00000000246, 'Winzer', 00000000002, 00000000005, 00000000007, NULL, NULL, 00000000002, NULL, 00000000003),
(00000000247, 'Zimmermann', 00000000002, 00000000005, 00000000007, NULL, NULL, 00000000002, NULL, 00000000003),
(00000000248, 'Empathie', 00000000001, 00000000004, 00000000004, NULL, NULL, 00000000006, NULL, 00000000006),
(00000000249, 'Gefahreninstinkt', 00000000002, 00000000004, 00000000004, NULL, NULL, 00000000006, NULL, 00000000006),
(00000000250, 'Geräuschhexerei', 00000000004, 00000000003, 00000000008, NULL, NULL, 00000000006, NULL, 00000000006),
(00000000251, 'Kraftschub', 00000000001, 00000000004, 00000000008, NULL, NULL, 00000000006, NULL, 00000000006),
(00000000252, 'Magiegespür', 00000000001, 00000000004, 00000000004, NULL, NULL, 00000000006, NULL, 00000000006),
(00000000253, 'Prophezeien', 00000000004, 00000000004, 00000000003, NULL, NULL, 00000000006, NULL, 00000000006),
(00000000254, 'Talentschub', 00000000001, 00000000004, 00000000008, NULL, NULL, 00000000006, NULL, 00000000006),
(00000000255, 'Tierempathie', 00000000001, 00000000004, 00000000003, NULL, NULL, 00000000006, NULL, 00000000006),
(00000000256, 'Zwergennase', 00000000004, 00000000004, 00000000005, NULL, NULL, 00000000006, NULL, 00000000006),
(00000000258, 'Alchimist', 00000000012, 00000000012, 00000000012, NULL, NULL, 00000000004, NULL, 00000000012),
(00000000259, 'Derwisch', 00000000012, 00000000012, 00000000012, NULL, NULL, 00000000005, NULL, 00000000012),
(00000000260, 'Druide', 00000000012, 00000000012, 00000000012, NULL, NULL, 00000000005, NULL, 00000000012),
(00000000261, 'Durro-Dûn', 00000000012, 00000000012, 00000000012, NULL, NULL, 00000000005, NULL, 00000000012),
(00000000262, 'Geode', 00000000012, 00000000012, 00000000012, NULL, NULL, 00000000005, NULL, 00000000012),
(00000000263, 'Gildenmagie', 00000000012, 00000000012, 00000000012, NULL, NULL, 00000000005, NULL, 00000000012),
(00000000264, 'Hexe', 00000000012, 00000000012, 00000000012, NULL, NULL, 00000000005, NULL, 00000000012),
(00000000265, 'Kristallomantie', 00000000012, 00000000012, 00000000012, NULL, NULL, 00000000005, NULL, 00000000012),
(00000000266, 'Runenzauberei', 00000000012, 00000000012, 00000000012, NULL, NULL, 00000000005, NULL, 00000000012),
(00000000267, 'Scharlatan', 00000000012, 00000000012, 00000000012, NULL, NULL, 00000000005, NULL, 00000000012),
(00000000268, 'Zaubertänzer', 00000000012, 00000000012, 00000000012, NULL, NULL, 00000000005, NULL, 00000000012),
(00000000269, 'Zaubertänzer (Hazaqi)', 00000000012, 00000000012, 00000000012, NULL, NULL, 00000000005, NULL, 00000000012),
(00000000270, 'Zaubertänzer (Majuna)', 00000000012, 00000000012, 00000000012, NULL, NULL, 00000000005, NULL, 00000000012),
(00000000271, 'Zaubertänzer (novadische Sharisad)', 00000000012, 00000000012, 00000000012, NULL, NULL, 00000000005, NULL, 00000000012),
(00000000286, 'Zaubertänzer (tulamidische Sharisad)', 00000000012, 00000000012, 00000000012, NULL, NULL, 00000000005, NULL, 00000000012),
(00000000287, 'Zibilja', 00000000012, 00000000012, 00000000012, NULL, NULL, 00000000005, NULL, 00000000012);

-- --------------------------------------------------------

--
-- Table structure for table `talentgruppe`
--

CREATE TABLE `talentgruppe` (
  `id` int(11) UNSIGNED ZEROFILL NOT NULL,
  `name` varchar(50) COLLATE utf8_bin NOT NULL
) ENGINE=InnoDB DEFAULT CHARSET=utf8 COLLATE=utf8_bin;

--
-- Dumping data for table `talentgruppe`
--

INSERT INTO `talentgruppe` (`id`, `name`) VALUES
(00000000001, 'Körperliche Talente'),
(00000000002, 'Gesellschaftliche Talente'),
(00000000003, 'Handwerkliche Talente'),
(00000000004, 'Naturtalente'),
(00000000005, 'Wissenstalente'),
(00000000006, 'Gaben'),
(00000000007, 'Sprachfamilie Garethi'),
(00000000008, 'Schriften'),
(00000000009, 'Bewaffnete Kampftalente'),
(00000000010, 'Fernkampftalente'),
(00000000011, 'Zauber'),
(00000000012, 'Ritualkenntnis'),
(00000000013, 'Sprachfamilie Tulamidya'),
(00000000014, 'Sprachfamilie Nivesen'),
(00000000015, 'Sprachfamilie Waldmenschen'),
(00000000016, 'Sprachfamilie Thorwaler'),
(00000000017, 'Sprachfamilie Elfen'),
(00000000018, 'Sprachfamilie Zwerge'),
(00000000019, 'Sprachfamilie Orks'),
(00000000020, 'Sprachfamilie Trolle'),
(00000000021, 'Sprachfamilie Geschuppte'),
(00000000022, 'Sprachfamilie Meere'),
(00000000023, 'Sprachfamilie Moloche'),
(00000000024, 'Sprachfamilie Necker'),
(00000000025, 'Sprachfamilie Grolme'),
(00000000026, 'Sprachfamilie Zilten'),
(00000000027, 'Sprachfamilie Magier'),
(00000000028, 'Sprachfamilie Zeichen'),
(00000000029, 'Sprachfamilie Drachen'),
(00000000030, 'Sprachfamilie Goblins'),
(00000000031, 'Bewaffnete Angriffstalente'),
(00000000032, 'Unbewaffnete Kampftalente');

-- --------------------------------------------------------

--
-- Table structure for table `talent_waffe`
--

CREATE TABLE `talent_waffe` (
  `id` int(11) UNSIGNED ZEROFILL NOT NULL,
  `id_talent` int(11) UNSIGNED ZEROFILL NOT NULL,
  `id_waffe` int(11) UNSIGNED ZEROFILL NOT NULL
) ENGINE=InnoDB DEFAULT CHARSET=utf8 COLLATE=utf8_bin;

-- --------------------------------------------------------

--
-- Table structure for table `user`
--

CREATE TABLE `user` (
  `id` int(11) UNSIGNED ZEROFILL NOT NULL COMMENT 'auto incrementing user_id of each user, unique index',
  `user_name` varchar(64) CHARACTER SET utf8 COLLATE utf8_unicode_ci NOT NULL COMMENT 'user''s name, unique',
  `user_password_hash` varchar(255) CHARACTER SET utf8 COLLATE utf8_unicode_ci NOT NULL COMMENT 'user''s password in salted and hashed format',
  `user_email` varchar(64) CHARACTER SET utf8 COLLATE utf8_unicode_ci NOT NULL COMMENT 'user''s email, unique'
) ENGINE=InnoDB DEFAULT CHARSET=utf8 COLLATE=utf8_bin COMMENT='user data';

--
-- Dumping data for table `user`
--

INSERT INTO `user` (`id`, `user_name`, `user_password_hash`, `user_email`) VALUES
(00000000001, 'moiri', '$2y$10$GWO91u/me7hbhx6N7BwxF.F4pfFE9JiIp0G3T0EhEglwEmYfX5wz2', 'moirelein@gmail.com'),
(00000000002, 'wuff', '$2y$10$J/nJAlDE0zME9TK.X7nC6ez1nym.y6ncDVlhWtcHksvS5vq04Ppma', 'asdjakl@ads.com'),
(00000000003, 'hhj', '$2y$10$CGikRLTStZ7sXJuVY28UpuyoRNvVxL9pdNqL415OERBkp8YdcXAdK', 'hjd@assdas.com'),
(00000000004, 'fsdfs', '$2y$10$cet6Sm6.xMGYoIfCZMubsuHod4X4aZG3OxBU3/g694lmRUK4PLkAq', 'asda@ads.com'),
(00000000005, 'hanuele', '$2y$10$y/TQfUcPOOFQzvkICAUagOv0zIHfkF4bHW6LYfzM1JT7j3wm3Nkqm', 'sad@dal.com');

-- --------------------------------------------------------

--
-- Table structure for table `waffe`
--

CREATE TABLE `waffe` (
  `id` int(11) UNSIGNED ZEROFILL NOT NULL,
  `name` varchar(50) COLLATE utf8_bin NOT NULL,
  `TP` varchar(7) COLLATE utf8_bin NOT NULL,
  `TP_KK` varchar(5) COLLATE utf8_bin NOT NULL,
  `BF` int(2) NOT NULL,
  `INI` int(1) NOT NULL,
  `WM` varchar(5) COLLATE utf8_bin NOT NULL,
  `DK` varchar(3) COLLATE utf8_bin NOT NULL
) ENGINE=InnoDB DEFAULT CHARSET=utf8 COLLATE=utf8_bin;

--
-- Dumping data for table `waffe`
--

INSERT INTO `waffe` (`id`, `name`, `TP`, `TP_KK`, `BF`, `INI`, `WM`, `DK`) VALUES
(00000000001, 'Knüppel', '1W6+1', '11/4', 6, 0, '0/-2', 'N'),
(00000000002, 'Schwert', '1W6+4', '11/4', 1, 0, '0/0', 'N'),
(00000000003, 'Kurzschwert', '1W6+2', '11/4', 0, 1, '0/-1', 'HN');

-- --------------------------------------------------------

--
-- Table structure for table `zauber`
--

CREATE TABLE `zauber` (
  `id` int(11) UNSIGNED ZEROFILL NOT NULL,
  `name` varchar(50) CHARACTER SET utf8 NOT NULL,
  `id_eigenschaft1` int(11) UNSIGNED ZEROFILL NOT NULL,
  `id_eigenschaft2` int(11) UNSIGNED ZEROFILL NOT NULL,
  `id_eigenschaft3` int(11) UNSIGNED ZEROFILL NOT NULL,
  `id_ls` int(11) UNSIGNED ZEROFILL NOT NULL
) ENGINE=InnoDB DEFAULT CHARSET=utf8 COLLATE=utf8_bin;

--
-- Dumping data for table `zauber`
--

INSERT INTO `zauber` (`id`, `name`, `id_eigenschaft1`, `id_eigenschaft2`, `id_eigenschaft3`, `id_ls`) VALUES
(00000000001, 'Abvenenum reine Speise', 00000000002, 00000000002, 00000000005, 00000000003),
(00000000002, 'Accuratum Zaubernadel', 00000000002, 00000000003, 00000000005, 00000000003),
(00000000003, 'Adamantium Erzstruktur', 00000000002, 00000000005, 00000000008, 00000000003),
(00000000004, 'Adlerauge Luchsenohr', 00000000002, 00000000004, 00000000005, 00000000002),
(00000000005, 'Adlerschwinge Wolfsgestalt', 00000000001, 00000000004, 00000000006, 00000000004),
(00000000006, 'Aeolitus Windgebraus', 00000000002, 00000000003, 00000000008, 00000000002),
(00000000007, 'Aerofugo Vakuum', 00000000001, 00000000008, 00000000007, 00000000004),
(00000000008, 'Aerogelo Atemqual', 00000000001, 00000000004, 00000000008, 00000000004),
(00000000009, 'Alpgestalt', 00000000001, 00000000003, 00000000006, 00000000003),
(00000000010, 'Analys Arkanstruktur', 00000000002, 00000000002, 00000000004, 00000000004),
(00000000011, 'Ängste lindern', 00000000001, 00000000004, 00000000003, 00000000003),
(00000000012, 'Animatio stummer Diener', 00000000002, 00000000005, 00000000006, 00000000005),
(00000000013, 'Applicatus Zauberspeicher', 00000000002, 00000000005, 00000000005, 00000000003),
(00000000014, 'Aquafaxius Wasserstrahl', 00000000002, 00000000005, 00000000008, 00000000003),
(00000000015, 'Aquasphaero Wasserball', 00000000001, 00000000004, 00000000008, 00000000004),
(00000000016, 'Arachnea Krabbeltier', 00000000001, 00000000004, 00000000003, 00000000004),
(00000000017, 'Arcanovi Artefakt', 00000000002, 00000000002, 00000000005, 00000000005),
(00000000018, 'Archofaxius Erzstrahl', 00000000002, 00000000005, 00000000008, 00000000003),
(00000000019, 'Archosphaero Erzball', 00000000001, 00000000004, 00000000008, 00000000004),
(00000000020, 'Armatrutz', 00000000004, 00000000006, 00000000008, 00000000002),
(00000000021, 'Atemnot', 00000000001, 00000000008, 00000000007, 00000000003),
(00000000022, 'Attributo', 00000000002, 00000000003, 00000000011, 00000000002),
(00000000023, 'Aufgeblasen Abgehoben', 00000000003, 00000000008, 00000000007, 00000000003),
(00000000024, 'Auge des Limbus', 00000000001, 00000000008, 00000000007, 00000000005),
(00000000025, 'Aureolus Güldenglanz', 00000000004, 00000000003, 00000000005, 00000000001),
(00000000026, 'Auris Nasus Oculus', 00000000002, 00000000003, 00000000005, 00000000004),
(00000000027, 'Axxeleratus Blitzgeschwind', 00000000002, 00000000006, 00000000008, 00000000003),
(00000000028, 'Balsam Salabunde', 00000000002, 00000000004, 00000000003, 00000000003),
(00000000029, 'Band und Fessel', 00000000002, 00000000003, 00000000007, 00000000003),
(00000000030, 'Bannbaladin', 00000000004, 00000000003, 00000000003, 00000000002),
(00000000031, 'Bärenruhe Winterschlaf', 00000000001, 00000000007, 00000000008, 00000000004),
(00000000032, 'Beherrschung brechen', 00000000002, 00000000004, 00000000003, 00000000003),
(00000000033, 'Beschwörung vereiteln', 00000000001, 00000000004, 00000000003, 00000000003),
(00000000034, 'Bewegung stören', 00000000002, 00000000004, 00000000005, 00000000003),
(00000000035, 'Blendwerk', 00000000004, 00000000003, 00000000006, 00000000003),
(00000000036, 'Blick aufs Wesen', 00000000002, 00000000004, 00000000003, 00000000003),
(00000000037, 'Blick durch fremde Augen', 00000000001, 00000000004, 00000000003, 00000000005),
(00000000038, 'Blick in die Gedanken', 00000000002, 00000000002, 00000000003, 00000000004),
(00000000039, 'Blick in die Vergangenheit', 00000000002, 00000000002, 00000000004, 00000000004),
(00000000040, 'Blitz dich find', 00000000002, 00000000004, 00000000006, 00000000002),
(00000000041, 'Böser Blick', 00000000001, 00000000003, 00000000003, 00000000003),
(00000000042, 'Brenne toter Stoff!', 00000000001, 00000000002, 00000000008, 00000000003),
(00000000043, 'Caldofrigo heiß und kalt', 00000000004, 00000000003, 00000000008, 00000000005),
(00000000044, 'Chamaelioni Mimikry', 00000000004, 00000000003, 00000000006, 00000000003),
(00000000045, 'Chimaeroform Hybridgestalt', 00000000002, 00000000004, 00000000008, 00000000006),
(00000000046, 'Chronoklassis Urfossil', 00000000002, 00000000004, 00000000008, 00000000006),
(00000000047, 'Chrononautos Zeitenfahrt', 00000000001, 00000000003, 00000000008, 00000000006),
(00000000048, 'Claudibus Clavistibor', 00000000002, 00000000005, 00000000007, 00000000003),
(00000000049, 'Corpofesso Gliederschmerz', 00000000002, 00000000008, 00000000007, 00000000003),
(00000000050, 'Corpofrigo Kälteschock', 00000000003, 00000000006, 00000000008, 00000000003),
(00000000051, 'Cryptographo Zauberschrift', 00000000002, 00000000002, 00000000004, 00000000003),
(00000000052, 'Custodosigil Diebesbann', 00000000002, 00000000005, 00000000005, 00000000003),
(00000000053, 'Dämonenbann', 00000000001, 00000000003, 00000000008, 00000000003),
(00000000054, 'Delicioso Gaumenschmaus', 00000000002, 00000000003, 00000000005, 00000000004),
(00000000055, 'Desintegratus Pulverstaub', 00000000002, 00000000008, 00000000007, 00000000004),
(00000000056, 'Destructibo Arcanitas', 00000000002, 00000000002, 00000000005, 00000000005),
(00000000057, 'Dichter und Denker', 00000000002, 00000000004, 00000000003, 00000000003),
(00000000058, 'Dschinnenruf', 00000000001, 00000000002, 00000000003, 00000000005),
(00000000059, 'Dunkelheit', 00000000002, 00000000002, 00000000005, 00000000003),
(00000000060, 'Duplicatus Doppelbild', 00000000002, 00000000003, 00000000006, 00000000003),
(00000000061, 'Ecliptifactus Schattenkraft', 00000000001, 00000000002, 00000000008, 00000000004),
(00000000062, 'Eigenschaft wiederherstellen', 00000000002, 00000000004, 00000000003, 00000000003),
(00000000063, 'Eigne Ängste quälen dich!', 00000000001, 00000000004, 00000000003, 00000000003),
(00000000064, 'Einfluss bannen', 00000000004, 00000000003, 00000000003, 00000000002),
(00000000065, 'Eins mit der Natur', 00000000004, 00000000006, 00000000008, 00000000003),
(00000000066, 'Eisenrost und Patina', 00000000002, 00000000003, 00000000006, 00000000003),
(00000000067, 'Eiseskälte Kämpferherz', 00000000001, 00000000004, 00000000008, 00000000003),
(00000000068, 'Eiswirbel', 00000000001, 00000000004, 00000000007, 00000000004),
(00000000069, 'Elementarbann', 00000000004, 00000000003, 00000000008, 00000000003),
(00000000070, 'Elementarer Diener', 00000000001, 00000000002, 00000000003, 00000000004),
(00000000071, 'Elfenstimme Flötenton', 00000000004, 00000000003, 00000000008, 00000000004),
(00000000072, 'Erinnerung verlasse dich!', 00000000001, 00000000004, 00000000003, 00000000004),
(00000000073, 'Exposami Lebenskraft', 00000000002, 00000000004, 00000000004, 00000000002),
(00000000074, 'Falkenauge Meisterschuss', 00000000004, 00000000005, 00000000006, 00000000002),
(00000000075, 'Favilludo Funkentanz', 00000000004, 00000000003, 00000000005, 00000000001),
(00000000076, 'Feuerlauf', 00000000001, 00000000004, 00000000006, 00000000004),
(00000000077, 'Feuersturm', 00000000001, 00000000004, 00000000007, 00000000004),
(00000000078, 'Firnlauf', 00000000001, 00000000002, 00000000006, 00000000004),
(00000000079, 'Flim Flam Funkel', 00000000002, 00000000002, 00000000005, 00000000001),
(00000000080, 'Fluch der Pestilenz', 00000000001, 00000000002, 00000000003, 00000000004),
(00000000081, 'Foramen Foraminor', 00000000002, 00000000002, 00000000005, 00000000003),
(00000000082, 'Fortifex arkane Wand', 00000000004, 00000000008, 00000000007, 00000000004),
(00000000083, 'Frigifaxius Eisstrahl', 00000000002, 00000000005, 00000000008, 00000000003),
(00000000084, 'Frigisphaero Eisball', 00000000001, 00000000004, 00000000008, 00000000004),
(00000000085, 'Fulminictus Donnerkeil', 00000000004, 00000000006, 00000000008, 00000000003),
(00000000086, 'Gardianum Zauberschild', 00000000002, 00000000004, 00000000008, 00000000004),
(00000000087, 'Gedankenbilder Elfenruf', 00000000002, 00000000004, 00000000003, 00000000002),
(00000000088, 'Gefäß der Jahre', 00000000001, 00000000002, 00000000008, 00000000005),
(00000000089, 'Gefunden!', 00000000002, 00000000004, 00000000006, 00000000003),
(00000000090, 'Geisterbann', 00000000001, 00000000001, 00000000003, 00000000003),
(00000000091, 'Geisterruf', 00000000001, 00000000001, 00000000003, 00000000004),
(00000000092, 'Gletscherwand', 00000000001, 00000000002, 00000000003, 00000000004),
(00000000093, 'Granit und Marmor', 00000000001, 00000000003, 00000000008, 00000000004),
(00000000094, 'Große Gier', 00000000002, 00000000002, 00000000003, 00000000003),
(00000000095, 'Große Verwirrung', 00000000002, 00000000002, 00000000003, 00000000003),
(00000000096, 'Halluzination', 00000000002, 00000000004, 00000000003, 00000000003),
(00000000097, 'Harmlose Gestalt', 00000000002, 00000000003, 00000000006, 00000000003),
(00000000098, 'Hartes schmelze!', 00000000001, 00000000002, 00000000007, 00000000003),
(00000000099, 'Haselbusch und Ginsterkraut', 00000000003, 00000000005, 00000000008, 00000000004),
(00000000100, 'Heilkraft bannen', 00000000002, 00000000003, 00000000005, 00000000003),
(00000000101, 'Hellsicht trüben', 00000000002, 00000000004, 00000000003, 00000000003),
(00000000102, 'Herbeirufung vereiteln', 00000000001, 00000000004, 00000000003, 00000000003),
(00000000103, 'Herr über das Tierreich', 00000000001, 00000000001, 00000000003, 00000000004),
(00000000104, 'Herzschlag ruhe!', 00000000001, 00000000003, 00000000007, 00000000004),
(00000000105, 'Hexenblick', 00000000004, 00000000004, 00000000003, 00000000002),
(00000000106, 'Hexengalle', 00000000001, 00000000004, 00000000003, 00000000003),
(00000000107, 'Hexenholz', 00000000002, 00000000005, 00000000007, 00000000002),
(00000000108, 'Hexenknoten', 00000000002, 00000000004, 00000000003, 00000000003),
(00000000109, 'Hexenkrallen', 00000000001, 00000000004, 00000000008, 00000000003),
(00000000110, 'Hexenspeichel', 00000000004, 00000000003, 00000000005, 00000000003),
(00000000111, 'Hilfreiche Tatze, rettende Schwinge', 00000000001, 00000000004, 00000000003, 00000000004),
(00000000112, 'Höllenpein zerreiße dich!', 00000000002, 00000000003, 00000000008, 00000000003),
(00000000113, 'Holterdipolter', 00000000004, 00000000004, 00000000005, 00000000003),
(00000000114, 'Horriphobus Schreckgestalt', 00000000001, 00000000004, 00000000003, 00000000003),
(00000000115, 'Humofaxius Humusstrahl', 00000000002, 00000000005, 00000000008, 00000000003),
(00000000116, 'Humosphaero Humusball', 00000000001, 00000000004, 00000000008, 00000000004),
(00000000117, 'Ignifaxius Flammenstrahl', 00000000002, 00000000005, 00000000008, 00000000003),
(00000000118, 'Ignisphaero Feuerball', 00000000001, 00000000004, 00000000008, 00000000004),
(00000000119, 'Ignorantia Ungesehn', 00000000004, 00000000003, 00000000006, 00000000004),
(00000000120, 'Illusion auflösen', 00000000002, 00000000004, 00000000003, 00000000002),
(00000000121, 'Immortalis Lebenszeit', 00000000001, 00000000003, 00000000008, 00000000006),
(00000000122, 'Imperavi Handlungszwang', 00000000002, 00000000003, 00000000003, 00000000005),
(00000000123, 'Impersona Maskenbild', 00000000002, 00000000004, 00000000005, 00000000004),
(00000000124, 'Infinitum Immerdar', 00000000002, 00000000003, 00000000008, 00000000006),
(00000000125, 'Invercano Spiegeltrick', 00000000001, 00000000004, 00000000005, 00000000006),
(00000000126, 'Invocatio maior', 00000000001, 00000000001, 00000000003, 00000000005),
(00000000127, 'Invocatio minor', 00000000001, 00000000001, 00000000003, 00000000004),
(00000000128, 'Iribaars Hand', 00000000001, 00000000001, 00000000004, 00000000004),
(00000000129, 'Juckreiz, dämlicher!', 00000000001, 00000000004, 00000000003, 00000000002),
(00000000130, 'Karnifilio Raserei', 00000000001, 00000000004, 00000000003, 00000000003),
(00000000131, 'Katzenaugen', 00000000002, 00000000005, 00000000008, 00000000003),
(00000000132, 'Klarum Purum', 00000000002, 00000000002, 00000000003, 00000000004),
(00000000133, 'Klickeradomms', 00000000002, 00000000005, 00000000007, 00000000001),
(00000000134, 'Koboldgeschenk', 00000000004, 00000000003, 00000000005, 00000000003),
(00000000135, 'Koboldovision', 00000000001, 00000000003, 00000000003, 00000000004),
(00000000136, 'Komm Kobold Komm', 00000000004, 00000000004, 00000000003, 00000000003),
(00000000137, 'Körperlose Reise', 00000000001, 00000000002, 00000000004, 00000000005),
(00000000138, 'Krabbelnder Schrecken', 00000000001, 00000000001, 00000000003, 00000000003),
(00000000139, 'Kraft des Erzes', 00000000002, 00000000008, 00000000007, 00000000004),
(00000000140, 'Krähenruf', 00000000001, 00000000003, 00000000003, 00000000003),
(00000000141, 'Krötensprung', 00000000004, 00000000006, 00000000007, 00000000002),
(00000000142, 'Kulminatio Kugelblitz', 00000000001, 00000000004, 00000000005, 00000000004),
(00000000143, 'Kusch!', 00000000001, 00000000004, 00000000003, 00000000002),
(00000000144, 'Lach dich gesund', 00000000004, 00000000003, 00000000003, 00000000003),
(00000000145, 'Lachkrampf', 00000000003, 00000000003, 00000000005, 00000000003),
(00000000146, 'Langer Lulatsch', 00000000003, 00000000006, 00000000007, 00000000004),
(00000000147, 'Last des Alters', 00000000004, 00000000003, 00000000008, 00000000005),
(00000000148, 'Leib der Erde', 00000000001, 00000000004, 00000000006, 00000000004),
(00000000149, 'Leib der Wogen', 00000000001, 00000000002, 00000000006, 00000000005),
(00000000150, 'Leib des Eises', 00000000001, 00000000002, 00000000006, 00000000005),
(00000000151, 'Leib des Erzes', 00000000001, 00000000006, 00000000007, 00000000005),
(00000000152, 'Leib des Feuers', 00000000001, 00000000001, 00000000006, 00000000005),
(00000000153, 'Leidensbund', 00000000001, 00000000004, 00000000008, 00000000003),
(00000000154, 'Levthans Feuer', 00000000004, 00000000003, 00000000003, 00000000004),
(00000000155, 'Limbus versiegeln', 00000000002, 00000000004, 00000000008, 00000000005),
(00000000156, 'Lockruf und Feenfüße', 00000000004, 00000000003, 00000000005, 00000000002),
(00000000157, 'Lunge des Leviatan', 00000000004, 00000000003, 00000000008, 00000000003),
(00000000158, 'Madas Spiegel', 00000000001, 00000000002, 00000000004, 00000000004),
(00000000159, 'Magischer Raub', 00000000001, 00000000002, 00000000008, 00000000004),
(00000000160, 'Mahlstrom', 00000000001, 00000000004, 00000000007, 00000000004),
(00000000161, 'Malmkreis', 00000000001, 00000000004, 00000000007, 00000000004),
(00000000162, 'Manifesto Element', 00000000002, 00000000004, 00000000003, 00000000001),
(00000000163, 'Meister der Elemente', 00000000001, 00000000002, 00000000003, 00000000006),
(00000000164, 'Meister minderer Geister', 00000000001, 00000000003, 00000000003, 00000000002),
(00000000165, 'Memorabia Falsifir', 00000000002, 00000000004, 00000000003, 00000000005),
(00000000166, 'Memorans Gedächtniskraft', 00000000002, 00000000002, 00000000004, 00000000003),
(00000000167, 'Menetekel Flammenschrift', 00000000002, 00000000003, 00000000005, 00000000002),
(00000000168, 'Metamagie neutralisieren', 00000000002, 00000000002, 00000000008, 00000000006),
(00000000169, 'Metamorpho Felsenform', 00000000002, 00000000005, 00000000007, 00000000004),
(00000000170, 'Metamorpho Gletscherform', 00000000002, 00000000005, 00000000007, 00000000003),
(00000000171, 'Motoricus', 00000000002, 00000000005, 00000000007, 00000000003),
(00000000172, 'Movimento Dauerlauf', 00000000004, 00000000006, 00000000008, 00000000001),
(00000000173, 'Murks und Patz', 00000000004, 00000000004, 00000000005, 00000000003),
(00000000174, 'Nackedei', 00000000002, 00000000004, 00000000005, 00000000004),
(00000000175, 'Nebelleib', 00000000001, 00000000004, 00000000008, 00000000004),
(00000000176, 'Nebelwand und Morgendunst', 00000000002, 00000000005, 00000000008, 00000000003),
(00000000177, 'Nekropathia Seelenreise', 00000000001, 00000000002, 00000000003, 00000000005),
(00000000178, 'Niederhöllen Eisgestalt', 00000000001, 00000000003, 00000000008, 00000000004),
(00000000179, 'Nihilogravo Schwerelos', 00000000002, 00000000008, 00000000007, 00000000005),
(00000000180, 'Nuntiovolo Botenvogel', 00000000001, 00000000002, 00000000003, 00000000003),
(00000000181, 'Objecto Obscuro', 00000000002, 00000000005, 00000000008, 00000000004),
(00000000182, 'Objectofixo', 00000000002, 00000000002, 00000000007, 00000000004),
(00000000183, 'Objectovoco', 00000000002, 00000000004, 00000000003, 00000000003),
(00000000184, 'Objekt entzaubern', 00000000002, 00000000004, 00000000005, 00000000003),
(00000000185, 'Oculus Astralis', 00000000002, 00000000004, 00000000003, 00000000005),
(00000000186, 'Odem Arcanum', 00000000002, 00000000004, 00000000004, 00000000001),
(00000000187, 'Orcanofaxius Luftstrahl', 00000000002, 00000000005, 00000000008, 00000000003),
(00000000188, 'Orcanosphaero Orkanball', 00000000001, 00000000004, 00000000008, 00000000004),
(00000000189, 'Orkanwand', 00000000001, 00000000002, 00000000003, 00000000004),
(00000000190, 'Pandaemonium', 00000000001, 00000000001, 00000000003, 00000000004),
(00000000191, 'Panik überkomme euch!', 00000000001, 00000000003, 00000000003, 00000000005),
(00000000192, 'Papperlapapp', 00000000004, 00000000004, 00000000005, 00000000004),
(00000000193, 'Paralysis starr wie Stein', 00000000004, 00000000003, 00000000007, 00000000003),
(00000000194, 'Pectetondo Zauberhaar', 00000000002, 00000000003, 00000000005, 00000000002),
(00000000195, 'Penetrizzel Tiefenblick', 00000000002, 00000000002, 00000000008, 00000000003),
(00000000196, 'Pentagramma Sphärenbann', 00000000001, 00000000001, 00000000003, 00000000004),
(00000000197, 'Pestilenz erspüren', 00000000002, 00000000004, 00000000003, 00000000003),
(00000000198, 'Pfeil der Luft', 00000000002, 00000000004, 00000000003, 00000000003),
(00000000199, 'Pfeil des Eises', 00000000002, 00000000004, 00000000003, 00000000003),
(00000000200, 'Pfeil des Erzes', 00000000002, 00000000004, 00000000003, 00000000003),
(00000000201, 'Pfeil des Feuers', 00000000002, 00000000004, 00000000003, 00000000003),
(00000000202, 'Pfeil des Humus', 00000000002, 00000000004, 00000000003, 00000000003),
(00000000203, 'Pfeil des Wassers', 00000000002, 00000000004, 00000000003, 00000000003),
(00000000204, 'Planastrale Anderswelt', 00000000001, 00000000001, 00000000008, 00000000006),
(00000000205, 'Plumbumbarum schwerer Arm', 00000000003, 00000000006, 00000000007, 00000000002),
(00000000206, 'Projektimago Ebenbild', 00000000001, 00000000004, 00000000003, 00000000004),
(00000000207, 'Protectionis Kontrabann', 00000000002, 00000000003, 00000000008, 00000000006),
(00000000208, 'Psychostabilis', 00000000001, 00000000002, 00000000008, 00000000003),
(00000000209, 'Radau', 00000000001, 00000000003, 00000000008, 00000000003),
(00000000210, 'Reflectimago Spiegelschein', 00000000002, 00000000003, 00000000005, 00000000002),
(00000000211, 'Reptilea Natternest', 00000000001, 00000000004, 00000000003, 00000000004),
(00000000212, 'Respondami', 00000000001, 00000000004, 00000000003, 00000000002),
(00000000213, 'Reversalis Revidum', 00000000002, 00000000004, 00000000003, 00000000005),
(00000000214, 'Ruhe Körper, ruhe Geist', 00000000002, 00000000003, 00000000008, 00000000002),
(00000000215, 'Salander Mutander', 00000000002, 00000000003, 00000000008, 00000000005),
(00000000216, 'Sanftmut', 00000000001, 00000000003, 00000000003, 00000000002),
(00000000217, 'Sapefacta Zauberschwamm', 00000000002, 00000000003, 00000000005, 00000000003),
(00000000218, 'Satuarias Herrlichkeit', 00000000004, 00000000003, 00000000003, 00000000002),
(00000000219, 'Schabernack', 00000000002, 00000000004, 00000000003, 00000000002),
(00000000220, 'Schadenszauber bannen', 00000000001, 00000000004, 00000000008, 00000000003),
(00000000221, 'Schelmenkleister', 00000000004, 00000000006, 00000000005, 00000000003),
(00000000222, 'Schelmenlaune', 00000000001, 00000000004, 00000000003, 00000000004),
(00000000223, 'Schelmenmaske', 00000000004, 00000000003, 00000000006, 00000000004),
(00000000224, 'Schelmenrausch', 00000000004, 00000000003, 00000000003, 00000000003),
(00000000225, 'Schleier der Unwissenheit', 00000000002, 00000000002, 00000000005, 00000000004),
(00000000226, 'Schwarz und Rot', 00000000001, 00000000003, 00000000008, 00000000004),
(00000000227, 'Schwarzer Schrecken', 00000000001, 00000000004, 00000000003, 00000000004),
(00000000228, 'Seelenfeuer Lichterloh', 00000000001, 00000000003, 00000000008, 00000000004),
(00000000229, 'Seelentier erkennen', 00000000004, 00000000004, 00000000003, 00000000003),
(00000000230, 'Seelenwanderung', 00000000001, 00000000003, 00000000008, 00000000006),
(00000000231, 'Seidenweich Schuppengleich', 00000000004, 00000000005, 00000000005, 00000000003),
(00000000232, 'Seidenzunge Elfenwort', 00000000002, 00000000004, 00000000003, 00000000002),
(00000000233, 'Sensattacco Meisterstreich', 00000000001, 00000000004, 00000000006, 00000000004),
(00000000234, 'Sensibar Empathicus', 00000000002, 00000000004, 00000000003, 00000000003),
(00000000235, 'Serpentialis Schlangenleib', 00000000001, 00000000003, 00000000006, 00000000004),
(00000000236, 'Silentium', 00000000002, 00000000004, 00000000003, 00000000002),
(00000000237, 'Sinesigil unerkannt', 00000000002, 00000000004, 00000000005, 00000000004),
(00000000238, 'Skelettarius', 00000000001, 00000000001, 00000000003, 00000000003),
(00000000239, 'Solidirid Weg aus Licht', 00000000004, 00000000008, 00000000007, 00000000004),
(00000000240, 'Somnigravis tiefer Schlaf', 00000000002, 00000000003, 00000000003, 00000000002),
(00000000241, 'Spinnenlauf', 00000000004, 00000000006, 00000000007, 00000000003),
(00000000242, 'Spurlos Trittlos', 00000000004, 00000000006, 00000000006, 00000000003),
(00000000243, 'Standfest Katzengleich', 00000000004, 00000000006, 00000000005, 00000000003),
(00000000244, 'Staub wandle!', 00000000001, 00000000002, 00000000003, 00000000005),
(00000000245, 'Stein wandle!', 00000000001, 00000000003, 00000000007, 00000000005),
(00000000246, 'Stillstand', 00000000001, 00000000004, 00000000006, 00000000005),
(00000000247, 'Sumpfstrudel', 00000000001, 00000000004, 00000000007, 00000000004),
(00000000248, 'Sumus Elixiere', 00000000004, 00000000003, 00000000005, 00000000003),
(00000000249, 'Tauschrausch', 00000000004, 00000000005, 00000000008, 00000000004),
(00000000250, 'Tempus Stasis', 00000000001, 00000000002, 00000000007, 00000000005),
(00000000251, 'Tiere besprechen', 00000000001, 00000000004, 00000000003, 00000000003),
(00000000252, 'Tiergedanken', 00000000001, 00000000004, 00000000003, 00000000003),
(00000000253, 'Tlalucs Odem Pestgestank', 00000000001, 00000000004, 00000000006, 00000000003),
(00000000254, 'Totes handle!', 00000000001, 00000000003, 00000000008, 00000000004),
(00000000255, 'Transformatio Formgestalt', 00000000002, 00000000005, 00000000007, 00000000005),
(00000000256, 'Transmutare Körperform', 00000000003, 00000000006, 00000000008, 00000000004),
(00000000257, 'Transversalis Teleport', 00000000002, 00000000004, 00000000008, 00000000005),
(00000000258, 'Traumgestalt', 00000000004, 00000000003, 00000000003, 00000000004),
(00000000259, 'Unberührt von Satinav', 00000000002, 00000000005, 00000000008, 00000000003),
(00000000260, 'Unitatio Geistesbund', 00000000004, 00000000003, 00000000008, 00000000002),
(00000000261, 'Unsichtbarer Jäger', 00000000004, 00000000005, 00000000006, 00000000005),
(00000000262, 'Veränderung aufheben', 00000000002, 00000000004, 00000000008, 00000000004),
(00000000263, 'Verschwindibus', 00000000004, 00000000003, 00000000006, 00000000003),
(00000000264, 'Verständigung stören', 00000000002, 00000000002, 00000000004, 00000000003),
(00000000265, 'Verwandlung beenden', 00000000002, 00000000003, 00000000005, 00000000004),
(00000000266, 'Vipernblick', 00000000001, 00000000001, 00000000003, 00000000002),
(00000000267, 'Visibili Vanitar', 00000000002, 00000000004, 00000000006, 00000000003),
(00000000268, 'Vocolimbo hohler Klang', 00000000002, 00000000003, 00000000005, 00000000002),
(00000000269, 'Vogelzwitschern Glockenspiel', 00000000001, 00000000004, 00000000006, 00000000002),
(00000000270, 'Wand aus Dornen', 00000000001, 00000000002, 00000000003, 00000000004),
(00000000271, 'Wand aus Erz', 00000000001, 00000000002, 00000000003, 00000000004),
(00000000272, 'Wand aus Flammen', 00000000001, 00000000002, 00000000003, 00000000004),
(00000000273, 'Wand aus Wogen', 00000000001, 00000000002, 00000000003, 00000000004),
(00000000274, 'Warmes Blut', 00000000001, 00000000004, 00000000004, 00000000002),
(00000000275, 'Wasseratem', 00000000001, 00000000002, 00000000008, 00000000003),
(00000000276, 'Weiches erstarre!', 00000000001, 00000000002, 00000000007, 00000000003),
(00000000277, 'Weihrauchwolke Wohlgeruch', 00000000004, 00000000003, 00000000005, 00000000002),
(00000000278, 'Weisheit der Bäume', 00000000001, 00000000004, 00000000008, 00000000004),
(00000000279, 'Weiße Mähn und goldener Huf', 00000000002, 00000000004, 00000000003, 00000000004),
(00000000280, 'Wellenlauf', 00000000001, 00000000006, 00000000006, 00000000004),
(00000000281, 'Wettermeisterschaft', 00000000001, 00000000003, 00000000006, 00000000005),
(00000000282, 'Widerwille Ungemach', 00000000001, 00000000004, 00000000006, 00000000004),
(00000000283, 'Windhose', 00000000001, 00000000004, 00000000007, 00000000004),
(00000000284, 'Windstille', 00000000002, 00000000003, 00000000007, 00000000003),
(00000000285, 'Wipfellauf', 00000000001, 00000000004, 00000000006, 00000000004),
(00000000286, 'Xenographus Schriftenkunde', 00000000002, 00000000002, 00000000004, 00000000005),
(00000000287, 'Zagibu Ubigaz', 00000000004, 00000000003, 00000000005, 00000000003),
(00000000288, 'Zappenduster', 00000000004, 00000000004, 00000000005, 00000000003),
(00000000289, 'Zauberklinge Geisterspeer', 00000000002, 00000000005, 00000000008, 00000000004),
(00000000290, 'Zaubernahrung Hungerbann', 00000000001, 00000000001, 00000000008, 00000000003),
(00000000291, 'Zauberwesen der Natur', 00000000001, 00000000004, 00000000003, 00000000002),
(00000000292, 'Zauberzwang', 00000000001, 00000000003, 00000000003, 00000000005),
(00000000293, 'Zorn der Elemente', 00000000001, 00000000003, 00000000008, 00000000003),
(00000000294, 'Zunge lähmen', 00000000001, 00000000003, 00000000005, 00000000002),
(00000000295, 'Zwingtanz', 00000000001, 00000000002, 00000000003, 00000000004),
(00000000296, 'Attributo Klugheit', 00000000002, 00000000003, 00000000002, 00000000002),
(00000000297, 'Attributo Charisma', 00000000002, 00000000003, 00000000003, 00000000002),
(00000000298, 'Attributo Intuition', 00000000002, 00000000003, 00000000004, 00000000002),
(00000000299, 'Attributo Fingerfertigkeit', 00000000002, 00000000003, 00000000005, 00000000002),
(00000000300, 'Attributo Gewandtheit', 00000000002, 00000000003, 00000000006, 00000000002),
(00000000301, 'Attributo Körperkraft', 00000000002, 00000000003, 00000000007, 00000000002),
(00000000302, 'Attributo Konstitution', 00000000002, 00000000003, 00000000008, 00000000002);

-- --------------------------------------------------------

--
-- Table structure for table `zauber_merkmal`
--

CREATE TABLE `zauber_merkmal` (
  `id` int(11) UNSIGNED ZEROFILL NOT NULL,
  `id_zauber` int(11) UNSIGNED ZEROFILL NOT NULL,
  `id_merkmal` int(11) UNSIGNED ZEROFILL NOT NULL
) ENGINE=InnoDB DEFAULT CHARSET=utf8 COLLATE=utf8_bin;

-- --------------------------------------------------------

--
-- Table structure for table `zauber_spomoKurz`
--

CREATE TABLE `zauber_spomoKurz` (
  `id` int(11) UNSIGNED ZEROFILL NOT NULL,
  `id_zauber` int(11) UNSIGNED ZEROFILL NOT NULL,
  `id_spomoKurz` int(11) UNSIGNED ZEROFILL NOT NULL
) ENGINE=InnoDB DEFAULT CHARSET=utf8 COLLATE=utf8_bin;

--
-- Indexes for dumped tables
--

--
-- Indexes for table `basis`
--
ALTER TABLE `basis`
  ADD PRIMARY KEY (`id`);

--
-- Indexes for table `eigenschaft`
--
ALTER TABLE `eigenschaft`
  ADD PRIMARY KEY (`id`);

--
-- Indexes for table `gruppe`
--
ALTER TABLE `gruppe`
  ADD PRIMARY KEY (`id`),
  ADD KEY `gruppe_idfk_1` (`owner`) USING BTREE;

--
-- Indexes for table `held`
--
ALTER TABLE `held`
  ADD PRIMARY KEY (`id`),
  ADD KEY `held_idfk_1` (`id_user`) USING BTREE;

--
-- Indexes for table `held_basis`
--
ALTER TABLE `held_basis`
  ADD PRIMARY KEY (`id`),
  ADD KEY `held_basis_idfk_1` (`id_held`) USING BTREE,
  ADD KEY `hedl_basis_idfk_2` (`id_basis`) USING BTREE;

--
-- Indexes for table `held_eigenschaft`
--
ALTER TABLE `held_eigenschaft`
  ADD PRIMARY KEY (`id`),
  ADD KEY `held_eigenschaft_idfk_2` (`id_eigenschaft`) USING BTREE,
  ADD KEY `held_eigenschaft_idfk_1` (`id_held`) USING BTREE;

--
-- Indexes for table `held_gruppe`
--
ALTER TABLE `held_gruppe`
  ADD PRIMARY KEY (`id`),
  ADD KEY `held_gruppe_idfk_1` (`id_held`) USING BTREE,
  ADD KEY `held_gruppe_idfk_2` (`id_gruppe`) USING BTREE;

--
-- Indexes for table `held_kampf`
--
ALTER TABLE `held_kampf`
  ADD PRIMARY KEY (`id`),
  ADD KEY `held_kampf_idfk_1` (`id_held`) USING BTREE,
  ADD KEY `held_kampf_idfk_2` (`id_kampf`) USING BTREE;

--
-- Indexes for table `held_nachteil`
--
ALTER TABLE `held_nachteil`
  ADD PRIMARY KEY (`id`),
  ADD KEY `held_nachteil_idfk_1` (`id_held`) USING BTREE;

--
-- Indexes for table `held_talent`
--
ALTER TABLE `held_talent`
  ADD PRIMARY KEY (`id`),
  ADD KEY `held_talent_idfk_1` (`id_held`) USING BTREE,
  ADD KEY `held_talent_idfk_2` (`id_talent`) USING BTREE;

--
-- Indexes for table `held_vorteil`
--
ALTER TABLE `held_vorteil`
  ADD PRIMARY KEY (`id`),
  ADD KEY `held_vorteil_idfk_1` (`id_held`) USING BTREE;

--
-- Indexes for table `held_waffe`
--
ALTER TABLE `held_waffe`
  ADD PRIMARY KEY (`id`),
  ADD KEY `held_waffe_idfk_1` (`held_id`) USING BTREE,
  ADD KEY `held_waffe_idfk_2` (`waffe_id`) USING BTREE;

--
-- Indexes for table `held_zauber`
--
ALTER TABLE `held_zauber`
  ADD PRIMARY KEY (`id`),
  ADD KEY `held_zauber_idfk_1` (`id_held`),
  ADD KEY `held_zauber_idfk_2` (`id_zauber`);

--
-- Indexes for table `kampf`
--
ALTER TABLE `kampf`
  ADD PRIMARY KEY (`id`);

--
-- Indexes for table `ls`
--
ALTER TABLE `ls`
  ADD PRIMARY KEY (`id`);

--
-- Indexes for table `merkmal`
--
ALTER TABLE `merkmal`
  ADD PRIMARY KEY (`id`);

--
-- Indexes for table `spomo`
--
ALTER TABLE `spomo`
  ADD PRIMARY KEY (`id`),
  ADD KEY `spomo_idfk_1` (`id_spomoKurz`) USING BTREE;

--
-- Indexes for table `spomoKurz`
--
ALTER TABLE `spomoKurz`
  ADD PRIMARY KEY (`id`);

--
-- Indexes for table `talent`
--
ALTER TABLE `talent`
  ADD PRIMARY KEY (`id`),
  ADD KEY `talent_idfk_1` (`id_eigenschaft1`) USING BTREE,
  ADD KEY `talent_idfk_2` (`id_eigenschaft2`) USING BTREE,
  ADD KEY `talent_idfk_3` (`id_eigenschaft3`) USING BTREE,
  ADD KEY `talent_idfk_4` (`id_eigenschaft3_alt`) USING BTREE,
  ADD KEY `talent_idfk_5` (`id_ls`) USING BTREE,
  ADD KEY `talent_idfk_6` (`id_talentgruppe`) USING BTREE;

--
-- Indexes for table `talentgruppe`
--
ALTER TABLE `talentgruppe`
  ADD PRIMARY KEY (`id`);

--
-- Indexes for table `talent_waffe`
--
ALTER TABLE `talent_waffe`
  ADD PRIMARY KEY (`id`),
  ADD KEY `talent_waffe_idfk_1` (`id_talent`) USING BTREE,
  ADD KEY `talent_waffe_idfk_2` (`id_waffe`) USING BTREE;

--
-- Indexes for table `user`
--
ALTER TABLE `user`
  ADD PRIMARY KEY (`id`),
  ADD UNIQUE KEY `user_name` (`user_name`),
  ADD UNIQUE KEY `user_email` (`user_email`);

--
-- Indexes for table `waffe`
--
ALTER TABLE `waffe`
  ADD PRIMARY KEY (`id`);

--
-- Indexes for table `zauber`
--
ALTER TABLE `zauber`
  ADD PRIMARY KEY (`id`),
  ADD KEY `zauber_idfk_1` (`id_eigenschaft1`) USING BTREE,
  ADD KEY `zauber_idfk_2` (`id_eigenschaft2`) USING BTREE,
  ADD KEY `zauber_idfk_3` (`id_eigenschaft3`) USING BTREE,
  ADD KEY `zauber_idfk_4` (`id_ls`) USING BTREE;

--
-- Indexes for table `zauber_merkmal`
--
ALTER TABLE `zauber_merkmal`
  ADD PRIMARY KEY (`id`),
  ADD KEY `zauber_merkmal_idfk_1` (`id_zauber`) USING BTREE,
  ADD KEY `zauber_merkmal_idfk_2` (`id_merkmal`) USING BTREE;

--
-- Indexes for table `zauber_spomoKurz`
--
ALTER TABLE `zauber_spomoKurz`
  ADD PRIMARY KEY (`id`),
  ADD KEY `zauber_spomoKurz_idfk_1` (`id_zauber`) USING BTREE,
  ADD KEY `zauber_spomoKurz_idfk_2` (`id_spomoKurz`) USING BTREE;

--
-- AUTO_INCREMENT for dumped tables
--

--
-- AUTO_INCREMENT for table `basis`
--
ALTER TABLE `basis`
  MODIFY `id` int(11) UNSIGNED ZEROFILL NOT NULL AUTO_INCREMENT, AUTO_INCREMENT=6;
--
-- AUTO_INCREMENT for table `eigenschaft`
--
ALTER TABLE `eigenschaft`
  MODIFY `id` int(11) UNSIGNED ZEROFILL NOT NULL AUTO_INCREMENT, AUTO_INCREMENT=13;
--
-- AUTO_INCREMENT for table `gruppe`
--
ALTER TABLE `gruppe`
  MODIFY `id` int(11) UNSIGNED ZEROFILL NOT NULL AUTO_INCREMENT, AUTO_INCREMENT=4;
--
-- AUTO_INCREMENT for table `held`
--
ALTER TABLE `held`
  MODIFY `id` int(11) UNSIGNED ZEROFILL NOT NULL AUTO_INCREMENT, AUTO_INCREMENT=4;
--
-- AUTO_INCREMENT for table `held_basis`
--
ALTER TABLE `held_basis`
  MODIFY `id` int(11) UNSIGNED ZEROFILL NOT NULL AUTO_INCREMENT, AUTO_INCREMENT=5;
--
-- AUTO_INCREMENT for table `held_eigenschaft`
--
ALTER TABLE `held_eigenschaft`
  MODIFY `id` int(11) UNSIGNED ZEROFILL NOT NULL AUTO_INCREMENT, AUTO_INCREMENT=12;
--
-- AUTO_INCREMENT for table `held_gruppe`
--
ALTER TABLE `held_gruppe`
  MODIFY `id` int(11) UNSIGNED ZEROFILL NOT NULL AUTO_INCREMENT, AUTO_INCREMENT=5;
--
-- AUTO_INCREMENT for table `held_kampf`
--
ALTER TABLE `held_kampf`
  MODIFY `id` int(11) UNSIGNED ZEROFILL NOT NULL AUTO_INCREMENT, AUTO_INCREMENT=9;
--
-- AUTO_INCREMENT for table `held_nachteil`
--
ALTER TABLE `held_nachteil`
  MODIFY `id` int(11) UNSIGNED ZEROFILL NOT NULL AUTO_INCREMENT, AUTO_INCREMENT=8;
--
-- AUTO_INCREMENT for table `held_talent`
--
ALTER TABLE `held_talent`
  MODIFY `id` int(11) UNSIGNED ZEROFILL NOT NULL AUTO_INCREMENT;
--
-- AUTO_INCREMENT for table `held_vorteil`
--
ALTER TABLE `held_vorteil`
  MODIFY `id` int(11) UNSIGNED ZEROFILL NOT NULL AUTO_INCREMENT, AUTO_INCREMENT=6;
--
-- AUTO_INCREMENT for table `held_waffe`
--
ALTER TABLE `held_waffe`
  MODIFY `id` int(11) UNSIGNED ZEROFILL NOT NULL AUTO_INCREMENT, AUTO_INCREMENT=2;
--
-- AUTO_INCREMENT for table `held_zauber`
--
ALTER TABLE `held_zauber`
  MODIFY `id` int(11) UNSIGNED ZEROFILL NOT NULL AUTO_INCREMENT;
--
-- AUTO_INCREMENT for table `kampf`
--
ALTER TABLE `kampf`
  MODIFY `id` int(11) UNSIGNED ZEROFILL NOT NULL AUTO_INCREMENT, AUTO_INCREMENT=9;
--
-- AUTO_INCREMENT for table `ls`
--
ALTER TABLE `ls`
  MODIFY `id` int(11) UNSIGNED ZEROFILL NOT NULL AUTO_INCREMENT, AUTO_INCREMENT=9;
--
-- AUTO_INCREMENT for table `merkmal`
--
ALTER TABLE `merkmal`
  MODIFY `id` int(11) UNSIGNED ZEROFILL NOT NULL AUTO_INCREMENT, AUTO_INCREMENT=37;
--
-- AUTO_INCREMENT for table `spomo`
--
ALTER TABLE `spomo`
  MODIFY `id` int(11) UNSIGNED ZEROFILL NOT NULL AUTO_INCREMENT, AUTO_INCREMENT=16;
--
-- AUTO_INCREMENT for table `spomoKurz`
--
ALTER TABLE `spomoKurz`
  MODIFY `id` int(11) UNSIGNED ZEROFILL NOT NULL AUTO_INCREMENT, AUTO_INCREMENT=13;
--
-- AUTO_INCREMENT for table `talent`
--
ALTER TABLE `talent`
  MODIFY `id` int(11) UNSIGNED ZEROFILL NOT NULL AUTO_INCREMENT, AUTO_INCREMENT=288;
--
-- AUTO_INCREMENT for table `talentgruppe`
--
ALTER TABLE `talentgruppe`
  MODIFY `id` int(11) UNSIGNED ZEROFILL NOT NULL AUTO_INCREMENT, AUTO_INCREMENT=33;
--
-- AUTO_INCREMENT for table `talent_waffe`
--
ALTER TABLE `talent_waffe`
  MODIFY `id` int(11) UNSIGNED ZEROFILL NOT NULL AUTO_INCREMENT;
--
-- AUTO_INCREMENT for table `user`
--
ALTER TABLE `user`
  MODIFY `id` int(11) UNSIGNED ZEROFILL NOT NULL AUTO_INCREMENT COMMENT 'auto incrementing user_id of each user, unique index', AUTO_INCREMENT=6;
--
-- AUTO_INCREMENT for table `waffe`
--
ALTER TABLE `waffe`
  MODIFY `id` int(11) UNSIGNED ZEROFILL NOT NULL AUTO_INCREMENT, AUTO_INCREMENT=4;
--
-- AUTO_INCREMENT for table `zauber`
--
ALTER TABLE `zauber`
  MODIFY `id` int(11) UNSIGNED ZEROFILL NOT NULL AUTO_INCREMENT, AUTO_INCREMENT=303;
--
-- AUTO_INCREMENT for table `zauber_merkmal`
--
ALTER TABLE `zauber_merkmal`
  MODIFY `id` int(11) UNSIGNED ZEROFILL NOT NULL AUTO_INCREMENT;
--
-- AUTO_INCREMENT for table `zauber_spomoKurz`
--
ALTER TABLE `zauber_spomoKurz`
  MODIFY `id` int(11) UNSIGNED ZEROFILL NOT NULL AUTO_INCREMENT;
--
-- Constraints for dumped tables
--

--
-- Constraints for table `gruppe`
--
ALTER TABLE `gruppe`
  ADD CONSTRAINT `gruppe_idfk_1` FOREIGN KEY (`owner`) REFERENCES `user` (`id`) ON DELETE NO ACTION ON UPDATE NO ACTION;

--
-- Constraints for table `held`
--
ALTER TABLE `held`
  ADD CONSTRAINT `held_idfk_1` FOREIGN KEY (`id_user`) REFERENCES `user` (`id`) ON DELETE NO ACTION ON UPDATE NO ACTION;

--
-- Constraints for table `held_basis`
--
ALTER TABLE `held_basis`
  ADD CONSTRAINT `held_basis_idfk_1` FOREIGN KEY (`id_held`) REFERENCES `held` (`id`) ON DELETE NO ACTION ON UPDATE NO ACTION,
  ADD CONSTRAINT `held_basis_idfk_2` FOREIGN KEY (`id_basis`) REFERENCES `basis` (`id`) ON DELETE NO ACTION ON UPDATE NO ACTION;

--
-- Constraints for table `held_eigenschaft`
--
ALTER TABLE `held_eigenschaft`
  ADD CONSTRAINT `held_eigenschaft_idfk_1` FOREIGN KEY (`id_held`) REFERENCES `held` (`id`) ON DELETE NO ACTION ON UPDATE CASCADE,
  ADD CONSTRAINT `held_eigenschaft_idfk_2` FOREIGN KEY (`id_eigenschaft`) REFERENCES `eigenschaft` (`id`) ON DELETE NO ACTION ON UPDATE CASCADE;

--
-- Constraints for table `held_gruppe`
--
ALTER TABLE `held_gruppe`
  ADD CONSTRAINT `held_gruppe_idfk_1` FOREIGN KEY (`id_gruppe`) REFERENCES `gruppe` (`id`) ON DELETE NO ACTION ON UPDATE NO ACTION,
  ADD CONSTRAINT `held_gruppe_idfk_2` FOREIGN KEY (`id_held`) REFERENCES `held` (`id`) ON DELETE NO ACTION ON UPDATE NO ACTION;

--
-- Constraints for table `held_kampf`
--
ALTER TABLE `held_kampf`
  ADD CONSTRAINT `held_kampf_idfk_1` FOREIGN KEY (`id_held`) REFERENCES `held` (`id`) ON DELETE NO ACTION ON UPDATE NO ACTION,
  ADD CONSTRAINT `held_kampf_idfk_2` FOREIGN KEY (`id_kampf`) REFERENCES `kampf` (`id`) ON DELETE NO ACTION ON UPDATE NO ACTION;

--
-- Constraints for table `held_nachteil`
--
ALTER TABLE `held_nachteil`
  ADD CONSTRAINT `held_nachteil_idfk_1` FOREIGN KEY (`id_held`) REFERENCES `held` (`id`) ON DELETE NO ACTION ON UPDATE NO ACTION;

--
-- Constraints for table `held_talent`
--
ALTER TABLE `held_talent`
  ADD CONSTRAINT `held_talent_idfk_1` FOREIGN KEY (`id_held`) REFERENCES `held` (`id`) ON DELETE NO ACTION ON UPDATE NO ACTION,
  ADD CONSTRAINT `held_talent_idfk_2` FOREIGN KEY (`id_talent`) REFERENCES `talent` (`id`) ON DELETE NO ACTION ON UPDATE NO ACTION;

--
-- Constraints for table `held_vorteil`
--
ALTER TABLE `held_vorteil`
  ADD CONSTRAINT `held_vorteil_idfk_1` FOREIGN KEY (`id_held`) REFERENCES `held` (`id`) ON DELETE NO ACTION ON UPDATE NO ACTION;

--
-- Constraints for table `held_waffe`
--
ALTER TABLE `held_waffe`
  ADD CONSTRAINT `held_waffe_idfk_1` FOREIGN KEY (`held_id`) REFERENCES `held` (`id`) ON DELETE NO ACTION ON UPDATE NO ACTION,
  ADD CONSTRAINT `held_waffe_idfk_2` FOREIGN KEY (`waffe_id`) REFERENCES `waffe` (`id`) ON DELETE NO ACTION ON UPDATE NO ACTION;

--
-- Constraints for table `held_zauber`
--
ALTER TABLE `held_zauber`
  ADD CONSTRAINT `held_zauber_idfk_1` FOREIGN KEY (`id_held`) REFERENCES `held` (`id`) ON DELETE NO ACTION ON UPDATE NO ACTION,
  ADD CONSTRAINT `held_zauber_idfk_2` FOREIGN KEY (`id_zauber`) REFERENCES `zauber` (`id`) ON DELETE NO ACTION ON UPDATE NO ACTION;

--
-- Constraints for table `spomo`
--
ALTER TABLE `spomo`
  ADD CONSTRAINT `spomo_idfk_1` FOREIGN KEY (`id_spomoKurz`) REFERENCES `spomoKurz` (`id`) ON DELETE NO ACTION ON UPDATE NO ACTION;

--
-- Constraints for table `talent`
--
ALTER TABLE `talent`
  ADD CONSTRAINT `talent_idfk_1` FOREIGN KEY (`id_eigenschaft1`) REFERENCES `eigenschaft` (`id`) ON DELETE NO ACTION ON UPDATE NO ACTION,
  ADD CONSTRAINT `talent_idfk_2` FOREIGN KEY (`id_eigenschaft2`) REFERENCES `eigenschaft` (`id`) ON DELETE NO ACTION ON UPDATE NO ACTION,
  ADD CONSTRAINT `talent_idfk_3` FOREIGN KEY (`id_eigenschaft3`) REFERENCES `eigenschaft` (`id`) ON DELETE NO ACTION ON UPDATE NO ACTION,
  ADD CONSTRAINT `talent_idfk_4` FOREIGN KEY (`id_eigenschaft3_alt`) REFERENCES `eigenschaft` (`id`) ON DELETE NO ACTION ON UPDATE NO ACTION,
  ADD CONSTRAINT `talent_idfk_5` FOREIGN KEY (`id_ls`) REFERENCES `ls` (`id`) ON DELETE NO ACTION ON UPDATE NO ACTION,
  ADD CONSTRAINT `talent_idfk_6` FOREIGN KEY (`id_talentgruppe`) REFERENCES `talentgruppe` (`id`) ON DELETE NO ACTION ON UPDATE NO ACTION;

--
-- Constraints for table `talent_waffe`
--
ALTER TABLE `talent_waffe`
  ADD CONSTRAINT `talent_waffe_idfk_1` FOREIGN KEY (`id_talent`) REFERENCES `talent` (`id`) ON DELETE NO ACTION ON UPDATE NO ACTION,
  ADD CONSTRAINT `talent_waffe_idfk_2` FOREIGN KEY (`id_waffe`) REFERENCES `waffe` (`id`) ON DELETE NO ACTION ON UPDATE NO ACTION;

--
-- Constraints for table `zauber`
--
ALTER TABLE `zauber`
  ADD CONSTRAINT `zauber_idfk_1` FOREIGN KEY (`id_eigenschaft1`) REFERENCES `eigenschaft` (`id`) ON DELETE NO ACTION ON UPDATE NO ACTION,
  ADD CONSTRAINT `zauber_idfk_2` FOREIGN KEY (`id_eigenschaft2`) REFERENCES `eigenschaft` (`id`) ON DELETE NO ACTION ON UPDATE NO ACTION,
  ADD CONSTRAINT `zauber_idfk_3` FOREIGN KEY (`id_eigenschaft3`) REFERENCES `eigenschaft` (`id`) ON DELETE NO ACTION ON UPDATE NO ACTION,
  ADD CONSTRAINT `zauber_idfk_4` FOREIGN KEY (`id_ls`) REFERENCES `ls` (`id`) ON DELETE NO ACTION ON UPDATE NO ACTION;

--
-- Constraints for table `zauber_merkmal`
--
ALTER TABLE `zauber_merkmal`
  ADD CONSTRAINT `zauber_merkmal_idfk_1` FOREIGN KEY (`id_zauber`) REFERENCES `zauber` (`id`) ON DELETE NO ACTION ON UPDATE NO ACTION,
  ADD CONSTRAINT `zauber_merkmal_idfk_2` FOREIGN KEY (`id_merkmal`) REFERENCES `merkmal` (`id`) ON DELETE NO ACTION ON UPDATE NO ACTION;

--
-- Constraints for table `zauber_spomoKurz`
--
ALTER TABLE `zauber_spomoKurz`
  ADD CONSTRAINT `zauber_spomoKurz_idfk_1` FOREIGN KEY (`id_zauber`) REFERENCES `zauber` (`id`) ON DELETE NO ACTION ON UPDATE NO ACTION,
  ADD CONSTRAINT `zauber_spomoKurz_idfk_2` FOREIGN KEY (`id_spomoKurz`) REFERENCES `spomoKurz` (`id`) ON DELETE NO ACTION ON UPDATE NO ACTION;

/*!40101 SET CHARACTER_SET_CLIENT=@OLD_CHARACTER_SET_CLIENT */;
/*!40101 SET CHARACTER_SET_RESULTS=@OLD_CHARACTER_SET_RESULTS */;
/*!40101 SET COLLATION_CONNECTION=@OLD_COLLATION_CONNECTION */;
